id,city_id
2000,24
2001,24
2002,24
2003,24
2004,24
2005,24
2006,24
2007,24
2008,24
2009,24
2010,24
2011,24
2012,24
2013,24
2014,24
2015,24
2016,24
2017,24
2018,24
2019,24
2020,24
2021,24
2022,24
2023,24
2024,24
2025,24
2026,24
2027,24
2028,24
2029,24
2030,24
2031,24
2032,24
2033,24
2034,24
2035,24
2036,24
2037,24
2038,24
2039,24
2040,24
2041,24
2042,24
2043,24
2044,24
2045,24
2046,24
2047,24
2048,24
2049,24
2050,24
2051,24
2052,24
2053,24
2054,24
2055,24
2056,24
2057,24
2058,24
2059,24
2060,24
2061,24
2062,24
2063,24
2064,24
2065,24
2066,24
2067,24
2068,24
2069,24
2070,24
2071,24
2072,24
2073,24
2074,24
2075,24
2076,24
2077,24
2078,24
2079,24
2080,24
2081,24
2082,24
2083,24
2084,24
2085,24
2086,24
2087,24
2088,24
2089,24
2090,24
2091,24
2092,24
2093,24
2094,24
2095,24
2096,24
2097,24
2098,24
2099,24
2100,24
2101,24
2102,24
2103,24
2104,24
2105,24
2106,24
2107,24
2108,24
2109,24
2110,24
2111,24
2112,24
2113,24
2114,24
2115,24
2116,24
2117,24
2118,24
2119,24
2120,24
2121,24
2122,24
2123,24
2124,24
2125,24
2126,24
2127,24
2128,24
2129,24
2130,24
2131,24
2132,24
2133,24
2134,24
2135,24
2136,24
2137,24
2138,24
2139,24
2140,24
2141,24
2142,24
2143,24
2144,24
2145,24
2146,24
2147,24
2148,24
2149,24
2150,24
2151,24
2152,24
2153,24
2154,24
2155,24
2156,24
2157,24
2158,24
2159,24
2160,24
2161,24
2162,24
2163,24
2164,24
2165,24
2166,24
2167,24
2168,24
2169,24
2170,24
2171,24
2172,24
2173,24
2174,24
2175,24
2176,24
2177,24
2178,24
2179,24
2180,24
2181,24
2182,24
2183,24
2184,24
2185,24
2186,24
2187,24
2188,24
2189,24
2190,24
2191,24
2192,24
2193,24
2194,24
2195,24
2196,24
2197,24
2198,24
2199,24
2200,24
2201,24
2202,24
2203,24
2204,24
2205,24
2206,24
2207,24
2208,24
2209,24
2210,24
2211,24
2212,24
2213,24
2214,24
2215,24
2216,24
2217,24
2218,24
2219,24
2220,24
2221,24
2222,24
2223,24
2224,24
2225,24
2226,24
2227,24
2228,24
2229,24
2230,24
2231,24
2232,24
2233,24
2234,24
2235,24
2236,24
2237,24
2238,24
2239,24
2240,24
2241,24
2242,24
2243,24
2244,24
2245,24
2246,24
2247,24
2248,24
2249,24
2250,24
2251,24
2252,24
2253,24
2254,24
2255,24
2256,24
2257,24
2258,24
2259,24
2260,24
2261,24
2262,24
2263,24
2264,24
2265,24
2266,24
2267,24
2268,24
2269,24
2270,24
2271,24
2272,24
2273,24
2274,24
2275,24
2276,24
2277,24
2278,24
2279,24
2280,24
2281,24
2282,24
2283,24
2284,24
2285,24
2286,24
2287,24
2288,24
2289,24
2290,24
2291,24
2292,24
2293,24
2294,26
2295,26
2296,26
2297,26
2298,26
2299,26
2300,26
2301,26
2302,26
2303,26
2304,26
2305,26
2306,26
2307,26
2308,26
2309,26
2310,26
2311,26
2312,26
2313,26
2314,26
2315,26
2316,26
2317,26
2318,26
2319,26
2320,26
2321,26
2322,26
2323,26
2324,26
2325,26
2326,26
2327,26
2328,26
2329,26
2330,26
2331,26
2332,26
2333,26
2334,26
2335,26
2336,26
2337,26
2338,26
2339,26
2340,26
2341,26
2342,26
2343,26
2344,26
2345,26
2346,26
2347,26
2348,26
2349,26
2350,26
2351,26
2352,26
2353,26
2354,26
2355,26
2356,26
2357,26
2358,26
2359,26
2360,26
2361,26
2362,26
2363,26
2364,26
2365,26
2366,26
2367,26
2368,26
2369,26
2370,26
2371,26
2372,26
2373,26
2374,26
2375,26
2376,26
2377,26
2378,26
2379,26
2380,26
2381,26
2382,26
2383,26
2384,26
2385,26
2386,26
2387,26
2388,26
2389,26
2390,26
2391,26
2392,26
2393,26
2394,26
2395,26
2396,26
2397,26
2398,26
2399,26
2400,26
2401,26
2402,26
2403,26
2404,26
2405,26
2406,26
2407,26
2408,26
2409,26
2410,26
2411,26
2412,26
2413,26
2414,26
2415,26
2416,26
2417,26
2418,26
2419,26
2420,26
2421,26
2422,26
2423,26
2424,26
2425,26
2426,26
2427,26
2428,26
2429,26
2430,26
2431,26
2432,26
2433,26
2434,26
2435,26
2436,26
2437,26
2438,26
2439,26
2440,26
2441,26
2442,26
2443,26
2444,26
2445,26
2446,26
2447,26
2448,26
2449,26
2450,26
2451,26
2452,26
2453,26
2454,26
2455,26
2456,26
2457,26
2458,26
2459,26
2460,26
2461,26
2462,26
2463,26
2464,26
2465,26
2466,26
2467,26
2468,26
2469,26
2470,26
2471,26
2472,26
2473,26
2474,26
2475,26
2476,26
2477,26
2478,26
2479,26
2480,26
2481,26
2482,26
2483,26
2484,26
2485,26
2486,26
2487,26
2488,26
2489,26
2490,26
2491,26
2492,26
2493,26
2494,26
2495,26
2496,26
2497,26
2498,26
2499,26
2500,26
2501,26
2502,26
2503,26
2504,26
2505,26
2506,26
2507,26
2508,26
2509,26
2510,26
2511,26
2512,26
2513,26
2514,26
2515,26
2516,26
2517,26
2518,26
2519,26
2520,26
2521,26
2522,26
2523,26
2524,26
2525,26
2526,26
2527,26
2528,26
2529,26
2530,26
2531,26
2532,26
2533,26
2534,26
2535,26
2536,26
2537,26
2538,26
2539,26
2540,26
2541,26
2542,26
2543,26
2544,26
2545,26
2546,26
2547,26
2548,26
2549,26
2550,26
2551,26
2552,26
2553,26
2554,26
2555,26
2556,26
2557,26
2558,26
2559,26
2560,26
2561,26
2562,26
2563,26
2564,26
2565,26
2566,26
2567,26
2568,26
2569,26
2570,26
2571,26
2572,26
2573,26
2574,26
2575,26
2576,26
2577,26
2578,26
2579,26
2580,26
2581,26
2582,26
2583,26
2584,26
2585,26
2586,26
2587,26
2588,26
2589,26
2590,26
2591,26
2592,26
2593,26
2594,26
2595,26
2596,26
2597,26
2598,26
2599,26
2600,26
2601,26
2602,26
2603,26
2604,26
2605,26
2606,26
2607,26
2608,26
2609,26
2610,26
2611,26
2612,26
2613,26
2614,26
2615,26
2616,26
2617,26
2618,26
2619,26
2620,26
2621,26
2622,26
2623,26
2624,26
2625,26
2626,26
2627,26
2628,26
2629,26
2630,26
2631,26
2632,26
2633,26
2634,26
2635,26
2636,26
2637,26
2638,26
2639,26
2640,26
2641,32
2642,32
2643,32
2644,32
2645,32
2646,32
2647,32
2648,32
2649,32
2650,32
2651,32
2652,32
2653,32
2654,32
2655,32
2656,32
2657,32
2658,32
2659,32
2660,32
2661,32
2662,32
2663,32
2664,32
2665,32
2666,32
2667,32
2668,32
2669,32
2670,32
2671,32
2672,32
2673,32
2674,32
2675,32
2676,32
2677,32
2678,32
2679,32
2680,32
2681,32
2682,32
2683,32
2684,32
2685,32
2686,32
2687,32
2688,32
2689,32
2690,32
2691,32
2692,32
2693,32
2694,32
2695,32
2696,32
2697,32
2698,32
2699,32
2700,32
2701,32
2702,32
2703,32
2704,32
2705,32
2706,32
2707,32
2708,32
2709,32
2710,32
2711,32
2712,32
2713,32
2714,32
2715,32
2716,32
2717,32
2718,32
2719,32
2720,32
2721,32
2722,32
2723,32
2724,32
2725,32
2726,32
2727,32
2728,32
2729,32
2730,32
2731,32
2732,32
2733,32
2734,32
2735,32
2736,32
2737,32
2738,32
2739,32
2740,32
2741,32
2742,32
2743,32
2744,32
2745,32
2746,32
2747,32
2748,32
2749,32
2750,32
2751,32
2752,32
2753,32
2754,32
2755,32
2756,32
2757,32
2758,32
2759,32
2760,32
2761,32
2762,32
2763,32
2764,32
2765,32
2766,32
2767,32
2768,32
2769,32
2770,32
2771,32
2772,32
2773,32
2774,32
2775,32
2776,32
2777,32
2778,32
2779,32
2780,32
2781,32
2782,32
2783,32
2784,32
2785,32
2786,32
2787,32
2788,32
2789,32
2790,32
2791,32
2792,32
2793,32
2794,32
2795,32
2796,32
2797,32
2798,32
2799,32
2800,32
2801,32
2802,32
2803,32
2804,32
2805,32
2806,32
2807,32
2808,32
2809,32
2810,32
2811,32
2812,32
2813,32
2814,32
2815,32
2816,32
2817,32
2818,32
2819,32
2820,32
2821,32
2822,32
2823,32
2824,32
2825,32
2826,32
2827,32
2828,32
2829,32
2830,32
2831,32
2832,32
2833,32
2834,32
2835,32
2836,32
2837,32
2838,32
2839,32
2840,32
2841,32
2842,32
2843,32
2844,32
2845,32
2846,32
2847,32
2848,32
2849,32
2850,32
2851,32
2852,32
2853,32
2854,32
2855,32
2856,32
2857,32
2858,32
2859,32
2860,32
2861,32
2862,32
2863,32
2864,32
2865,32
2866,32
2867,32
2868,32
2869,32
2870,32
2871,32
2872,32
2873,32
2874,32
2875,32
2876,32
2877,32
2878,32
2879,32
2880,32
2881,32
2882,32
2883,32
2884,32
2885,32
2886,32
2887,32
2888,32
2889,32
2890,32
2891,32
2892,32
2893,32
2894,32
2895,32
2896,32
2897,32
2898,32
2899,32
2900,32
2901,32
2902,32
2903,32
2904,32
2905,32
2906,32
2907,32
2908,32
2909,32
2910,32
2911,32
2912,32
2913,32
2914,32
2915,32
2916,32
2917,32
2918,32
2919,32
2920,32
2921,32
2922,32
2923,32
2924,32
2925,32
2926,32
2927,32
2928,32
2929,32
2930,32
2931,32
2932,32
2933,32
2934,32
2935,32
2936,32
2937,32
2938,32
2939,32
2940,32
2941,32
2942,32
2943,32
2944,32
2945,32
2946,32
2947,32
2948,32
2949,32
2950,32
2951,32
2952,32
2953,32
2954,32
2955,32
2956,32
2957,12
2958,12
2959,12
2960,12
2961,12
2962,12
2963,12
2964,12
2965,12
2966,12
2967,12
2968,12
2969,12
2970,12
2971,12
2972,12
2973,12
2974,12
2975,12
2976,12
2977,12
2978,12
2979,12
2980,12
2981,12
2982,12
2983,12
2984,12
2985,12
2986,12
2987,12
2988,12
2989,12
2990,12
2991,12
2992,12
2993,12
2994,12
2995,12
2996,12
2997,12
2998,12
2999,12
3000,12
3001,12
3002,12
3003,12
3004,12
3005,12
3006,12
3007,12
3008,12
3009,12
3010,12
3011,12
3012,12
3013,12
3014,12
3015,12
3016,12
3017,12
3018,12
3019,12
3020,12
3021,12
3022,12
3023,12
3024,12
3025,12
3026,12
3027,12
3028,12
3029,12
3030,12
3031,12
3032,12
3033,12
3034,12
3035,12
3036,12
3037,12
3038,12
3039,12
3040,12
3041,12
3042,12
3043,12
3044,12
3045,12
3046,12
3047,12
3048,12
3049,12
3050,12
3051,12
3052,12
3053,12
3054,12
3055,12
3056,12
3057,12
3058,12
3059,12
3060,12
3061,12
3062,12
3063,12
3064,12
3065,12
3066,12
3067,12
3068,12
3069,12
3070,12
3071,12
3072,12
3073,12
3074,12
3075,12
3076,12
3077,12
3078,12
3079,12
3080,12
3081,12
3082,12
3083,12
3084,12
3085,12
3086,12
3087,12
3088,12
3089,12
3090,12
3091,12
3092,12
3093,12
3094,12
3095,12
3096,12
3097,12
3098,12
3099,12
3100,12
3101,12
3102,12
3103,12
3104,12
3105,12
3106,12
3107,12
3108,12
3109,12
3110,12
3111,12
3112,12
3113,12
3114,12
3115,12
3116,12
3117,12
3118,12
3119,12
3120,12
3121,12
3122,12
3123,12
3124,12
3125,12
3126,12
3127,12
3128,12
3129,13
3130,13
3131,13
3132,13
3133,13
3134,13
3135,13
3136,13
3137,13
3138,13
3139,13
3140,13
3141,13
3142,13
3143,13
3144,13
3145,13
3146,13
3147,13
3148,13
3149,13
3150,13
3151,13
3152,13
3153,13
3154,13
3155,13
3156,13
3157,13
3158,13
3159,13
3160,13
3161,13
3162,13
3163,13
3164,13
3165,13
3166,13
3167,13
3168,13
3169,13
3170,13
3171,13
3172,13
3173,13
3174,13
3175,13
3176,13
3177,13
3178,13
3179,13
3180,13
3181,13
3182,13
3183,13
3184,13
3185,13
3186,13
3187,13
3188,13
3189,13
3190,13
3191,13
3192,13
3193,13
3194,13
3195,13
3196,13
3197,13
3198,13
3199,13
3200,13
3201,13
3202,13
3203,13
3204,13
3205,13
3206,13
3207,13
3208,13
3209,13
3210,13
3211,13
3212,29
3213,29
3214,29
3215,29
3216,29
3217,29
3218,29
3219,29
3220,29
3221,29
3222,29
3223,29
3224,29
3225,29
3226,29
3227,29
3228,29
3229,29
3230,29
3231,29
3232,29
3233,29
3234,29
3235,29
3236,29
3237,29
3238,29
3239,29
3240,29
3241,29
3242,29
3243,29
3244,29
3245,29
3246,29
3247,29
3248,29
3249,29
3250,29
3251,29
3252,29
3253,29
3254,29
3255,29
3256,29
3257,29
3258,29
3259,29
3260,29
3261,29
3262,29
3263,29
3264,29
3265,29
3266,29
3267,29
3268,29
3269,29
3270,29
3271,29
3272,29
3273,29
3274,29
3275,29
3276,29
3277,29
3278,29
3279,29
3280,29
3281,29
3282,29
3283,29
3284,29
3285,29
3286,6
3287,6
3288,6
3289,6
3290,6
3291,6
3292,6
3293,6
3294,6
3295,6
3296,6
3297,6
3298,6
3299,6
3300,6
3301,6
3302,6
3303,6
3304,6
3305,6
3306,6
3307,6
3308,6
3309,6
3310,6
3311,6
3312,6
3313,6
3314,6
3315,6
3316,6
3317,6
3318,6
3319,6
3320,6
3321,6
3322,6
3323,6
3324,6
3325,6
3326,6
3327,6
3328,6
3329,6
3330,6
3331,6
3332,6
3333,6
3334,6
3335,6
3336,6
3337,6
3338,6
3339,6
3340,6
3341,6
3342,6
3343,6
3344,6
3345,6
3346,6
3347,6
3348,6
3349,6
3350,6
3351,6
3352,6
3353,6
3354,6
3355,6
3356,6
3357,6
3358,6
3359,6
3360,6
3361,6
3362,6
3363,6
3364,6
3365,6
3366,6
3367,6
3368,6
3369,6
3370,6
3371,6
3372,6
3373,6
3374,6
3375,6
3376,6
3377,6
3378,6
3379,6
3380,6
3381,6
3382,6
3383,6
3384,6
3385,6
3386,6
3387,6
3388,6
3389,6
3390,6
3391,6
3392,6
3393,6
3394,6
3395,6
3396,6
3397,6
3398,6
3399,6
3400,6
3401,6
3402,6
3403,6
3404,6
3405,6
3406,6
3407,6
3408,6
3409,6
3410,6
3411,6
3412,6
3413,6
3414,6
3415,6
3416,6
3417,6
3418,6
3419,6
3420,6
3421,6
3422,6
3423,6
3424,6
3425,6
3426,6
3427,6
3428,6
3429,6
3430,6
3431,6
3432,6
3433,6
3434,6
3435,6
3436,6
3437,6
3438,6
3439,6
3440,6
3441,6
3442,6
3443,6
3444,6
3445,6
3446,6
3447,6
3448,6
3449,6
3450,6
3451,6
3452,6
3453,6
3454,6
3455,6
3456,6
3457,6
3458,6
3459,6
3460,6
3461,6
3462,6
3463,6
3464,6
3465,6
3466,6
3467,6
3468,6
3469,6
3470,6
3471,6
3472,6
3473,6
3474,6
3475,6
3476,6
3477,6
3478,6
3479,6
3480,6
3481,6
3482,6
3483,6
3484,6
3485,6
3486,6
3487,6
3488,6
3489,6
3490,6
3491,6
3492,6
3493,6
3494,6
3495,6
3496,6
3497,6
3498,6
3499,6
3500,6
3501,6
3502,6
3503,6
3504,6
3505,6
3506,6
3507,6
3508,6
3509,6
3510,6
3511,6
3512,6
3513,6
3514,6
3515,6
3516,6
3517,6
3518,6
3519,6
3520,6
3521,6
3522,6
3523,6
3524,6
3525,6
3526,6
3527,6
3528,6
3529,6
3530,6
3531,6
3532,6
3533,6
3534,6
3535,6
3536,6
3537,6
3538,6
3539,6
3540,6
3541,6
3542,6
3543,6
3544,6
3545,6
3546,6
3547,6
3548,6
3549,6
3550,6
3551,6
3552,6
3553,6
3554,6
3555,6
3556,6
3557,6
3558,6
3559,6
3560,6
3561,6
3562,6
3563,6
3564,6
3565,6
3566,6
3567,6
3568,6
3569,6
3570,6
3571,6
3572,6
3573,6
3574,6
3575,6
3576,6
3577,6
3578,6
3579,6
3580,6
3581,6
3582,6
3583,6
3584,6
3585,6
3586,6
3587,6
3588,6
3589,6
3590,6
3591,6
3592,6
3593,6
3594,6
3595,6
3596,6
3597,6
3598,6
3599,6
3600,6
3601,6
3602,6
3603,6
3604,6
3605,6
3606,6
3607,6
3608,6
3609,6
3610,6
3611,6
3612,6
3613,6
3614,6
3615,6
3616,6
3617,6
3618,6
3619,6
3620,6
3621,6
3622,6
3623,6
3624,6
3625,6
3626,6
3627,6
3628,6
3629,6
3630,6
3631,6
3632,6
3633,6
3634,6
3635,6
3636,6
3637,6
3638,6
3639,6
3640,6
3641,6
3642,6
3643,6
3644,6
3645,6
3646,6
3647,6
3648,6
3649,6
3650,6
3651,6
3652,6
3653,6
3654,6
3655,6
3656,6
3657,6
3658,6
3659,6
3660,6
3661,6
3662,6
3663,6
3664,6
3665,6
3666,6
3667,6
3668,6
3669,6
3670,6
3671,6
3672,6
3673,6
3674,6
3675,6
3676,6
3677,6
3678,6
3679,6
3680,6
3681,6
3682,6
3683,6
3684,6
3685,6
3686,6
3687,6
3688,6
3689,6
3690,6
3691,6
3692,6
3693,6
3694,6
3695,6
3696,6
3697,6
3698,6
3699,6
3700,6
3701,6
3702,6
3703,6
3704,6
3705,6
3706,6
3707,6
3708,6
3709,6
3710,6
3711,6
3712,6
3713,6
3714,6
3715,6
3716,6
3717,6
3718,6
3719,6
3720,6
3721,6
3722,6
3723,6
3724,6
3725,6
3726,6
3727,6
3728,6
3729,6
3730,6
3731,6
3732,6
3733,6
3734,6
3735,6
3736,6
3737,6
3738,6
3739,6
3740,6
3741,6
3742,6
3743,6
3744,6
3745,6
3746,6
3747,6
3748,6
3749,6
3750,6
3751,6
3752,6
3753,6
3754,6
3755,6
3756,6
3757,6
3758,6
3759,6
3760,6
3761,6
3762,6
3763,6
3764,6
3765,6
3766,6
3767,6
3768,6
3769,6
3770,6
3771,6
3772,6
3773,6
3774,6
3775,6
3776,6
3777,6
3778,6
3779,6
3780,6
3781,6
3782,6
3783,6
3784,6
3785,6
3786,6
3787,6
3788,6
3789,6
3790,6
3791,6
3792,6
3793,6
3794,6
3795,6
3796,6
3797,6
3798,6
3799,6
3800,6
3801,6
3802,6
3803,6
3804,6
3805,6
3806,6
3807,6
3808,6
3809,6
3810,6
3811,6
3812,6
3813,6
3814,6
3815,6
3816,6
3817,6
3818,6
3819,6
3820,6
3821,6
3822,6
3823,6
3824,6
3825,6
3826,6
3827,6
3828,6
3829,6
3830,6
3831,6
3832,6
3833,6
3834,6
3835,6
3836,6
3837,6
3838,6
3839,6
3840,6
3841,6
3842,6
3843,6
3844,6
3845,6
3846,6
3847,6
3848,6
3849,6
3850,6
3851,6
3852,6
3853,6
3854,6
3855,6
3856,6
3857,6
3858,6
3859,6
3860,6
3861,6
3862,6
3863,6
3864,6
3865,6
3866,6
3867,6
3868,6
3869,6
3870,6
3871,6
3872,6
3873,6
3874,6
3875,6
3876,6
3877,6
3878,6
3879,6
3880,6
3881,6
3882,6
3883,6
3884,6
3885,6
3886,6
3887,6
3888,6
3889,6
3890,6
3891,6
3892,6
3893,6
3894,6
3895,6
3896,6
3897,6
3898,6
3899,6
3900,6
3901,6
3902,6
3903,6
3904,6
3905,6
3906,6
3907,6
3908,6
3909,6
3910,6
3911,6
3912,6
3913,6
3914,6
3915,6
3916,6
3917,6
3918,6
3919,6
3920,6
3921,6
3922,6
3923,6
3924,6
3925,6
3926,6
3927,6
3928,6
3929,6
3930,6
3931,6
3932,6
3933,6
3934,6
3935,6
3936,6
3937,6
3938,6
3939,6
3940,6
3941,6
3942,6
3943,6
3944,6
3945,6
3946,6
3947,6
3948,6
3949,6
3950,6
3951,6
3952,6
3953,6
3954,6
3955,6
3956,6
3957,6
3958,6
3959,6
3960,6
3961,6
3962,6
3963,6
3964,6
3965,6
3966,6
3967,6
3968,6
3969,6
3970,6
3971,6
3972,6
3973,6
3974,6
3975,6
3976,6
3977,6
3978,6
3979,6
3980,6
3981,6
3982,6
3983,6
3984,6
3985,6
3986,6
3987,6
3988,6
3989,6
3990,6
3991,6
3992,6
3993,6
3994,6
3995,6
3996,6
3997,6
3998,6
3999,6
4000,6
4001,6
4002,6
4003,6
4004,6
4005,6
4006,6
4007,6
4008,6
4009,6
4010,6
4011,6
4012,6
4013,6
4014,6
4015,6
4016,6
4017,6
4018,6
4019,6
4020,6
4021,6
4022,6
4023,6
4024,6
4025,6
4026,6
4027,6
4028,6
4029,6
4030,6
4031,6
4032,6
4033,6
4034,6
4035,6
4036,6
4037,6
4038,6
4039,6
4040,6
4041,6
4042,6
4043,6
4044,6
4045,6
4046,6
4047,6
4048,6
4049,6
4050,6
4051,6
4052,6
4053,6
4054,6
4055,6
4056,6
4057,6
4058,6
4059,6
4060,6
4061,6
4062,6
4063,6
4064,6
4065,6
4066,6
4067,6
4068,6
4069,6
4070,6
4071,6
4072,6
4073,6
4074,6
4075,6
4076,6
4077,6
4078,6
4079,6
4080,6
4081,6
4082,6
4083,6
4084,6
4085,6
4086,6
4087,6
4088,6
4089,6
4090,6
4091,6
4092,6
4093,6
4094,6
4095,6
4096,6
4097,6
4098,6
4099,6
4100,6
4101,6
4102,6
4103,6
4104,6
4105,6
4106,6
4107,6
4108,6
4109,6
4110,6
4111,6
4112,6
4113,6
4114,6
4115,6
4116,6
4117,6
4118,6
4119,6
4120,6
4121,6
4122,6
4123,6
4124,6
4125,6
4126,6
4127,6
4128,6
4129,6
4130,6
4131,6
4132,6
4133,6
4134,6
4135,6
4136,6
4137,6
4138,6
4139,6
4140,6
4141,6
4142,6
4143,6
4144,6
4145,6
4146,6
4147,6
4148,6
4149,6
4150,6
4151,6
4152,6
4153,6
4154,6
4155,6
4156,6
4157,6
4158,6
4159,6
4160,6
4161,6
4162,6
4163,6
4164,6
4165,6
4166,6
4167,6
4168,6
4169,6
4170,6
4171,6
4172,6
4173,6
4174,6
4175,6
4176,6
4177,6
4178,6
4179,6
4180,6
4181,6
4182,6
4183,6
4184,6
4185,6
4186,6
4187,6
4188,6
4189,6
4190,6
4191,6
4192,6
4193,6
4194,6
4195,6
4196,6
4197,6
4198,6
4199,6
4200,6
4201,6
4202,6
4203,6
4204,6
4205,6
4206,6
4207,6
4208,6
4209,6
4210,6
4211,6
4212,6
4213,6
4214,6
4215,6
4216,6
4217,6
4218,6
4219,6
4220,6
4221,6
4222,6
4223,6
4224,6
4225,6
4226,6
4227,6
4228,6
4229,6
4230,6
4231,6
4232,6
4233,6
4234,6
4235,6
4236,6
4237,6
4238,6
4239,6
4240,6
4241,6
4242,6
4243,6
4244,6
4245,6
4246,6
4247,6
4248,6
4249,6
4250,6
4251,6
4252,6
4253,6
4254,6
4255,6
4256,6
4257,6
4258,6
4259,6
4260,6
4261,6
4262,6
4263,6
4264,6
4265,6
4266,6
4267,6
4268,6
4269,6
4270,6
4271,6
4272,6
4273,6
4274,6
4275,6
4276,6
4277,6
4278,6
4279,6
4280,6
4281,6
4282,6
4283,6
4284,6
4285,6
4286,6
4287,6
4288,6
4289,6
4290,6
4291,6
4292,6
4293,6
4294,6
4295,6
4296,6
4297,6
4298,6
4299,6
4300,6
4301,6
4302,6
4303,6
4304,6
4305,6
4306,6
4307,6
4308,6
4309,6
4310,6
4311,6
4312,6
4313,6
4314,6
4315,6
4316,6
4317,6
4318,6
4319,6
4320,6
4321,6
4322,6
4323,6
4324,6
4325,6
4326,6
4327,6
4328,6
4329,6
4330,6
4331,6
4332,6
4333,6
4334,6
4335,6
4336,6
4337,6
4338,6
4339,6
4340,6
4341,6
4342,6
4343,6
4344,6
4345,6
4346,6
4347,6
4348,6
4349,6
4350,6
4351,6
4352,6
4353,6
4354,6
4355,6
4356,6
4357,6
4358,6
4359,6
4360,6
4361,6
4362,6
4363,6
4364,6
4365,6
4366,6
4367,6
4368,6
4369,6
4370,6
4371,6
4372,6
4373,6
4374,6
4375,6
4376,6
4377,6
4378,6
4379,6
4380,6
4381,6
4382,6
4383,6
4384,6
4385,6
4386,6
4387,6
4388,6
4389,6
4390,6
4391,6
4392,6
4393,6
4394,6
4395,6
4396,6
4397,6
4398,6
4399,6
4400,6
4401,6
4402,6
4403,6
4404,6
4405,6
4406,6
4407,6
4408,6
4409,6
4410,6
4411,6
4412,6
4413,6
4414,6
4415,6
4416,6
4417,6
4418,6
4419,6
4420,6
4421,6
4422,6
4423,6
4424,6
4425,6
4426,6
4427,6
4428,6
4429,6
4430,6
4431,6
4432,6
4433,6
4434,6
4435,6
4436,6
4437,6
4438,6
4439,6
4440,6
4441,6
4442,6
4443,6
4444,6
4445,6
4446,6
4447,6
4448,6
4449,6
4450,6
4451,6
4452,6
4453,6
4454,6
4455,6
4456,6
4457,6
4458,6
4459,6
4460,6
4461,6
4462,6
4463,6
4464,6
4465,6
4466,6
4467,6
4468,6
4469,6
4470,6
4471,6
4472,6
4473,6
4474,6
4475,6
4476,6
4477,6
4478,6
4479,6
4480,6
4481,6
4482,6
4483,6
4484,6
4485,6
4486,6
4487,6
4488,6
4489,6
4490,6
4491,6
4492,6
4493,6
4494,6
4495,6
4496,6
4497,6
4498,6
4499,6
4500,6
4501,6
4502,6
4503,6
4504,6
4505,6
4506,6
4507,6
4508,6
4509,6
4510,6
4511,6
4512,6
4513,6
4514,6
4515,6
4516,6
4517,6
4518,6
4519,6
4520,6
4521,6
4522,6
4523,6
4524,6
4525,6
4526,6
4527,6
4528,6
4529,6
4530,6
4531,6
4532,6
4533,6
4534,6
4535,6
4536,6
4537,6
4538,6
4539,6
4540,6
4541,6
4542,6
4543,6
4544,6
4545,6
4546,6
4547,6
4548,6
4549,6
4550,6
4551,6
4552,6
4553,6
4554,6
4555,6
4556,6
4557,6
4558,6
4559,6
4560,6
4561,6
4562,6
4563,6
4564,6
4565,6
4566,6
4567,6
4568,6
4569,6
4570,6
4571,6
4572,6
4573,6
4574,6
4575,6
4576,6
4577,6
4578,6
4579,6
4580,6
4581,6
4582,6
4583,6
4584,6
4585,6
4586,6
4587,6
4588,6
4589,6
4590,6
4591,6
4592,6
4593,6
4594,6
4595,6
4596,6
4597,6
4598,6
4599,6
4600,6
4601,6
4602,6
4603,6
4604,6
4605,6
4606,6
4607,6
4608,6
4609,6
4610,6
4611,6
4612,6
4613,6
4614,6
4615,6
4616,6
4617,6
4618,6
4619,6
4620,6
4621,6
4622,6
4623,6
4624,6
4625,6
4626,6
4627,6
4628,6
4629,6
4630,6
4631,6
4632,6
4633,6
4634,6
4635,6
4636,6
4637,6
4638,6
4639,6
4640,6
4641,6
4642,6
4643,6
4644,6
4645,6
4646,6
4647,6
4648,6
4649,6
4650,6
4651,6
4652,6
4653,6
4654,6
4655,6
4656,6
4657,6
4658,6
4659,6
4660,6
4661,6
4662,6
4663,6
4664,6
4665,6
4666,6
4667,6
4668,6
4669,6
4670,6
4671,6
4672,6
4673,6
4674,6
4675,6
4676,6
4677,6
4678,6
4679,6
4680,6
4681,6
4682,6
4683,6
4684,6
4685,6
4686,6
4687,6
4688,6
4689,6
4690,6
4691,6
4692,6
4693,6
4694,6
4695,6
4696,6
4697,6
4698,6
4699,6
4700,6
4701,6
4702,6
4703,6
4704,6
4705,6
4706,6
4707,6
4708,6
4709,6
4710,6
4711,6
4712,6
4713,6
4714,6
4715,6
4716,6
4717,6
4718,6
4719,6
4720,6
4721,6
4722,6
4723,6
4724,6
4725,6
4726,6
4727,6
4728,6
4729,6
4730,6
4731,6
4732,6
4733,6
4734,6
4735,6
4736,6
4737,6
4738,6
4739,6
4740,6
4741,6
4742,6
4743,6
4744,6
4745,6
4746,6
4747,6
4748,6
4749,6
4750,6
4751,6
4752,6
4753,6
4754,6
4755,6
4756,6
4757,6
4758,6
4759,6
4760,6
4761,6
4762,6
4763,6
4764,6
4765,6
4766,6
4767,6
4768,6
4769,6
4770,6
4771,6
4772,6
4773,6
4774,6
4775,6
4776,6
4777,6
4778,6
4779,6
4780,6
4781,6
4782,6
4783,6
4784,6
4785,6
4786,6
4787,6
4788,6
4789,6
4790,6
4791,6
4792,6
4793,6
4794,6
4795,6
4796,6
4797,6
4798,6
4799,6
4800,6
4801,6
4802,6
4803,6
4804,6
4805,6
4806,6
4807,6
4808,6
4809,6
4810,6
4811,6
4812,6
4813,6
4814,6
4815,6
4816,6
4817,6
4818,6
4819,6
4820,6
4821,6
4822,6
4823,6
4824,6
4825,6
4826,6
4827,6
4828,6
4829,6
4830,6
4831,6
4832,6
4833,6
4834,6
4835,6
4836,6
4837,6
4838,6
4839,6
4840,6
4841,6
4842,6
4843,6
4844,6
4845,6
4846,6
4847,6
4848,6
4849,6
4850,6
4851,6
4852,6
4853,6
4854,6
4855,6
4856,6
4857,6
4858,6
4859,6
4860,6
4861,6
4862,6
4863,6
4864,6
4865,6
4866,6
4867,6
4868,6
4869,6
4870,6
4871,6
4872,6
4873,6
4874,6
4875,6
4876,6
4877,6
4878,6
4879,6
4880,6
4881,6
4882,6
4883,6
4884,6
4885,6
4886,6
4887,6
4888,3
4889,3
4890,3
4891,3
4892,3
4893,3
4894,3
4895,3
4896,3
4897,3
4898,3
4899,3
4900,3
4901,3
4902,3
4903,3
4904,3
4905,3
4906,3
4907,3
4908,3
4909,3
4910,3
4911,3
4912,3
4913,3
4914,3
4915,3
4916,3
4917,3
4918,3
4919,3
4920,3
4921,3
4922,3
4923,3
4924,3
4925,3
4926,3
4927,3
4928,3
4929,3
4930,3
4931,3
4932,3
4933,3
4934,3
4935,3
4936,3
4937,3
4938,3
4939,3
4940,3
4941,3
4942,3
4943,3
4944,3
4945,3
4946,3
4947,3
4948,3
4949,3
4950,3
4951,3
4952,3
4953,3
4954,3
4955,3
4956,3
4957,3
4958,3
4959,3
4960,3
4961,3
4962,3
4963,3
4964,3
4965,3
4966,3
4967,3
4968,3
4969,3
4970,3
4971,3
4972,3
4973,3
4974,3
4975,3
4976,3
4977,3
4978,3
4979,3
4980,3
4981,3
4982,3
4983,3
4984,3
4985,3
4986,3
4987,3
4988,3
4989,3
4990,3
4991,3
4992,3
4993,3
4994,3
4995,3
4996,3
4997,3
4998,3
4999,3
5000,3
5001,3
5002,3
5003,3
5004,3
5005,3
5006,3
5007,3
5008,3
5009,3
5010,3
5011,3
5012,3
5013,3
5014,3
5015,3
5016,3
5017,3
5018,3
5019,3
5020,3
5021,3
5022,3
5023,3
5024,3
5025,3
5026,3
5027,3
5028,3
5029,3
5030,3
5031,3
5032,3
5033,3
5034,3
5035,3
5036,3
5037,3
5038,3
5039,3
5040,3
5041,3
5042,3
5043,3
5044,3
5045,3
5046,3
5047,3
5048,3
5049,3
5050,3
5051,3
5052,3
5053,3
5054,3
5055,3
5056,3
5057,3
5058,3
5059,3
5060,3
5061,3
5062,3
5063,3
5064,3
5065,3
5066,3
5067,3
5068,3
5069,3
5070,3
5071,3
5072,3
5073,3
5074,3
5075,3
5076,3
5077,3
5078,3
5079,3
5080,3
5081,3
5082,3
5083,3
5084,3
5085,3
5086,3
5087,3
5088,3
5089,3
5090,3
5091,3
5092,3
5093,3
5094,3
5095,3
5096,3
5097,3
5098,3
5099,3
5100,3
5101,3
5102,3
5103,3
5104,3
5105,3
5106,3
5107,3
5108,3
5109,3
5110,3
5111,3
5112,3
5113,3
5114,3
5115,3
5116,3
5117,3
5118,3
5119,3
5120,3
5121,3
5122,3
5123,3
5124,3
5125,3
5126,3
5127,3
5128,3
5129,3
5130,3
5131,3
5132,3
5133,3
5134,3
5135,3
5136,3
5137,3
5138,3
5139,3
5140,3
5141,3
5142,3
5143,3
5144,3
5145,3
5146,3
5147,3
5148,3
5149,3
5150,3
5151,3
5152,3
5153,3
5154,3
5155,3
5156,3
5157,3
5158,3
5159,3
5160,3
5161,3
5162,3
5163,3
5164,3
5165,3
5166,3
5167,3
5168,3
5169,3
5170,3
5171,3
5172,3
5173,3
5174,3
5175,3
5176,3
5177,3
5178,3
5179,3
5180,3
5181,3
5182,3
5183,3
5184,3
5185,3
5186,3
5187,3
5188,3
5189,3
5190,3
5191,3
5192,3
5193,3
5194,3
5195,3
5196,3
5197,3
5198,3
5199,3
5200,3
5201,3
5202,3
5203,3
5204,3
5205,3
5206,3
5207,3
5208,3
5209,3
5210,3
5211,3
5212,3
5213,3
5214,3
5215,3
5216,3
5217,3
5218,3
5219,3
5220,3
5221,3
5222,3
5223,3
5224,3
5225,3
5226,3
5227,3
5228,3
5229,3
5230,3
5231,3
5232,3
5233,3
5234,3
5235,3
5236,3
5237,3
5238,3
5239,3
5240,3
5241,3
5242,3
5243,3
5244,3
5245,3
5246,3
5247,3
5248,3
5249,3
5250,3
5251,3
5252,3
5253,3
5254,3
5255,3
5256,3
5257,3
5258,3
5259,3
5260,3
5261,3
5262,3
5263,3
5264,3
5265,3
5266,3
5267,3
5268,3
5269,3
5270,3
5271,3
5272,3
5273,3
5274,3
5275,3
5276,3
5277,3
5278,3
5279,3
5280,3
5281,3
5282,3
5283,3
5284,3
5285,3
5286,3
5287,3
5288,3
5289,3
5290,3
5291,3
5292,3
5293,3
5294,3
5295,3
5296,3
5297,3
5298,3
5299,3
5300,3
5301,3
5302,3
5303,3
5304,3
5305,3
5306,3
5307,3
5308,3
5309,3
5310,3
5311,3
5312,3
5313,3
5314,3
5315,3
5316,3
5317,3
5318,3
5319,3
5320,3
5321,3
5322,3
5323,3
5324,3
5325,3
5326,3
5327,3
5328,3
5329,3
5330,3
5331,3
5332,3
5333,3
5334,3
5335,3
5336,3
5337,3
5338,3
5339,3
5340,3
5341,3
5342,3
5343,3
5344,3
5345,3
5346,3
5347,3
5348,3
5349,3
5350,3
5351,3
5352,3
5353,3
5354,3
5355,3
5356,3
5357,3
5358,3
5359,3
5360,3
5361,3
5362,3
5363,3
5364,3
5365,3
5366,3
5367,3
5368,3
5369,3
5370,3
5371,3
5372,3
5373,7
5374,7
5375,7
5376,7
5377,7
5378,7
5379,7
5380,7
5381,7
5382,7
5383,7
5384,7
5385,7
5386,7
5387,7
5388,7
5389,7
5390,7
5391,7
5392,7
5393,7
5394,7
5395,7
5396,7
5397,7
5398,7
5399,7
5400,7
5401,7
5402,7
5403,7
5404,7
5405,7
5406,7
5407,7
5408,7
5409,7
5410,7
5411,7
5412,7
5413,7
5414,7
5415,7
5416,7
5417,7
5418,7
5419,7
5420,7
5421,7
5422,7
5423,7
5424,7
5425,7
5426,7
5427,7
5428,7
5429,7
5430,7
5431,7
5432,7
5433,7
5434,7
5435,7
5436,7
5437,7
5438,7
5439,7
5440,7
5441,7
5442,7
5443,7
5444,7
5445,7
5446,7
5447,7
5448,7
5449,7
5450,7
5451,7
5452,7
5453,7
5454,7
5455,7
5456,7
5457,7
5458,7
5459,7
5460,7
5461,7
5462,7
5463,7
5464,7
5465,7
5466,7
5467,7
5468,7
5469,7
5470,7
5471,7
5472,7
5473,7
5474,7
5475,7
5476,7
5477,7
5478,7
5479,7
5480,7
5481,7
5482,7
5483,7
5484,7
5485,7
5486,7
5487,7
5488,7
5489,7
5490,7
5491,7
5492,7
5493,7
5494,7
5495,7
5496,7
5497,7
5498,7
5499,7
5500,7
5501,7
5502,7
5503,7
5504,7
5505,7
5506,7
5507,7
5508,7
5509,7
5510,7
5511,7
5512,7
5513,7
5514,7
5515,7
5516,7
5517,7
5518,7
5519,7
5520,7
5521,7
5522,7
5523,7
5524,7
5525,7
5526,7
5527,7
5528,7
5529,7
5530,7
5531,7
5532,7
5533,7
5534,7
5535,7
5536,7
5537,7
5538,7
5539,7
5540,7
5541,7
5542,7
5543,7
5544,7
5545,7
5546,7
5547,7
5548,7
5549,7
5550,7
5551,7
5552,7
5553,7
5554,7
5555,7
5556,7
5557,7
5558,7
5559,7
5560,7
5561,7
5562,7
5563,7
5564,7
5565,7
5566,7
5567,7
5568,7
5569,7
5570,7
5571,7
5572,7
5573,7
5574,7
5575,7
5576,7
5577,7
5578,7
5579,7
5580,7
5581,7
5582,7
5583,7
5584,7
5585,7
5586,7
5587,7
5588,7
5589,7
5590,7
5591,7
5592,7
5593,7
5594,7
5595,7
5596,7
5597,7
5598,7
5599,7
5600,7
5601,7
5602,7
5603,7
5604,7
5605,7
5606,7
5607,7
5608,7
5609,7
5610,7
5611,7
5612,7
5613,7
5614,7
5615,7
5616,7
5617,7
5618,7
5619,7
5620,7
5621,7
5622,7
5623,7
5624,7
5625,7
5626,7
5627,7
5628,7
5629,7
5630,7
5631,7
5632,7
5633,7
5634,7
5635,7
5636,7
5637,7
5638,7
5639,7
5640,7
5641,7
5642,7
5643,7
5644,7
5645,7
5646,7
5647,7
5648,7
5649,7
5650,7
5651,7
5652,7
5653,7
5654,7
5655,7
5656,7
5657,7
5658,7
5659,7
5660,7
5661,7
5662,7
5663,7
5664,7
5665,7
5666,7
5667,7
5668,7
5669,7
5670,7
5671,7
5672,7
5673,7
5674,7
5675,7
5676,7
5677,7
5678,7
5679,7
5680,7
5681,7
5682,7
5683,7
5684,7
5685,7
5686,7
5687,7
5688,7
5689,7
5690,7
5691,7
5692,7
5693,7
5694,7
5695,7
5696,7
5697,7
5698,7
5699,7
5700,7
5701,7
5702,7
5703,7
5704,7
5705,7
5706,7
5707,7
5708,7
5709,7
5710,7
5711,7
5712,7
5713,7
5714,7
5715,7
5716,7
5717,7
5718,7
5719,7
5720,7
5721,7
5722,7
5723,7
5724,7
5725,7
5726,7
5727,7
5728,7
5729,7
5730,7
5731,7
5732,7
5733,7
5734,7
5735,7
5736,7
5737,7
5738,7
5739,7
5740,7
5741,7
5742,7
5743,7
5744,7
5745,7
5746,7
5747,7
5748,7
5749,7
5750,7
5751,7
5752,7
5753,7
5754,7
5755,7
5756,7
5757,7
5758,7
5759,7
5760,7
5761,7
5762,7
5763,7
5764,7
5765,7
5766,7
5767,7
5768,7
5769,7
5770,7
5771,7
5772,7
5773,7
5774,7
5775,7
5776,7
5777,7
5778,7
5779,7
5780,7
5781,7
5782,7
5783,7
5784,7
5785,7
5786,7
5787,7
5788,7
5789,7
5790,7
5791,7
5792,7
5793,7
5794,7
5795,7
5796,7
5797,7
5798,7
5799,7
5800,7
5801,7
5802,7
5803,7
5804,7
5805,7
5806,7
5807,7
5808,7
5809,7
5810,7
5811,7
5812,7
5813,7
5814,7
5815,7
5816,7
5817,7
5818,7
5819,7
5820,7
5821,7
5822,7
5823,7
5824,7
5825,7
5826,7
5827,7
5828,7
5829,7
5830,7
5831,7
5832,7
5833,7
5834,7
5835,7
5836,7
5837,7
5838,7
5839,7
5840,7
5841,7
5842,7
5843,7
5844,7
5845,7
5846,7
5847,7
5848,7
5849,7
5850,7
5851,7
5852,7
5853,7
5854,7
5855,7
5856,7
5857,7
5858,7
5859,7
5860,7
5861,7
5862,7
5863,7
5864,7
5865,7
5866,7
5867,7
5868,7
5869,7
5870,7
5871,7
5872,7
5873,7
5874,7
5875,7
5876,7
5877,7
5878,7
5879,7
5880,7
5881,7
5882,15
5883,15
5884,15
5885,15
5886,15
5887,15
5888,15
5889,15
5890,15
5891,15
5892,15
5893,15
5894,15
5895,15
5896,15
5897,15
5898,15
5899,15
5900,15
5901,15
5902,15
5903,15
5904,15
5905,15
5906,15
5907,15
5908,15
5909,15
5910,15
5911,15
5912,15
5913,15
5914,15
5915,15
5916,15
5917,15
5918,15
5919,15
5920,15
5921,15
5922,15
5923,15
5924,15
5925,15
5926,15
5927,15
5928,15
5929,15
5930,15
5931,15
5932,15
5933,15
5934,15
5935,15
5936,15
5937,15
5938,15
5939,15
5940,15
5941,15
5942,15
5943,15
5944,15
5945,15
5946,15
5947,15
5948,15
5949,15
5950,15
5951,15
5952,15
5953,15
5954,15
5955,15
5956,15
5957,15
5958,15
5959,15
5960,15
5961,15
5962,15
5963,15
5964,15
5965,15
5966,15
5967,15
5968,15
5969,15
5970,15
5971,15
5972,15
5973,15
5974,15
5975,15
5976,15
5977,15
5978,15
5979,15
5980,15
5981,15
5982,15
5983,15
5984,15
5985,15
5986,15
5987,15
5988,15
5989,15
5990,15
5991,15
5992,15
5993,15
5994,15
5995,15
5996,15
5997,15
5998,15
5999,15
6000,15
6001,15
6002,15
6003,15
6004,15
6005,15
6006,15
6007,15
6008,15
6009,15
6010,15
6011,15
6012,15
6013,15
6014,15
6015,15
6016,15
6017,15
6018,15
6019,15
6020,15
6021,15
6022,15
6023,15
6024,15
6025,15
6026,15
6027,15
6028,15
6029,15
6030,15
6031,15
6032,15
6033,15
6034,15
6035,15
6036,15
6037,15
6038,15
6039,15
6040,15
6041,15
6042,15
6043,15
6044,15
6045,15
6046,15
6047,15
6048,15
6049,15
6050,15
6051,15
6052,15
6053,15
6054,15
6055,15
6056,15
6057,15
6058,15
6059,15
6060,15
6061,15
6062,15
6063,15
6064,15
6065,15
6066,15
6067,15
6068,15
6069,15
6070,15
6071,15
6072,15
6073,15
6074,15
6075,15
6076,15
6077,15
6078,15
6079,15
6080,15
6081,15
6082,15
6083,15
6084,15
6085,15
6086,15
6087,15
6088,15
6089,15
6090,15
6091,15
6092,15
6093,15
6094,15
6095,15
6096,15
6097,15
6098,15
6099,15
6100,28
6101,28
6102,28
6103,28
6104,28
6105,28
6106,28
6107,28
6108,28
6109,28
6110,28
6111,28
6112,28
6113,28
6114,28
6115,28
6116,28
6117,28
6118,28
6119,28
6120,28
6121,28
6122,28
6123,28
6124,28
6125,28
6126,28
6127,28
6128,28
6129,28
6130,28
6131,28
6132,28
6133,28
6134,28
6135,28
6136,28
6137,28
6138,28
6139,28
6140,28
6141,28
6142,28
6143,28
6144,28
6145,28
6146,28
6147,28
6148,28
6149,28
6150,28
6151,28
6152,28
6153,28
6154,28
6155,28
6156,28
6157,28
6158,28
6159,28
6160,28
6161,28
6162,28
6163,28
6164,28
6165,28
6166,28
6167,28
6168,28
6169,28
6170,28
6171,28
6172,28
6173,28
6174,28
6175,28
6176,28
6177,28
6178,28
6179,28
6180,28
6181,28
6182,28
6183,28
6184,28
6185,28
6186,28
6187,28
6188,28
6189,28
6190,28
6191,28
6192,28
6193,28
6194,28
6195,28
6196,28
6197,28
6198,28
6199,28
6200,28
6201,28
6202,28
6203,28
6204,28
6205,28
6206,28
6207,28
6208,28
6209,28
6210,28
6211,28
6212,28
6213,28
6214,28
6215,28
6216,28
6217,28
6218,28
6219,28
6220,28
6221,28
6222,28
6223,28
6224,28
6225,28
6226,28
6227,28
6228,28
6229,28
6230,28
6231,28
6232,28
6233,28
6234,28
6235,28
6236,28
6237,28
6238,28
6239,28
6240,28
6241,28
6242,28
6243,28
6244,28
6245,28
6246,28
6247,28
6248,28
6249,28
6250,28
6251,28
6252,28
6253,28
6254,28
6255,28
6256,28
6257,28
6258,28
6259,28
6260,28
6261,28
6262,28
6263,28
6264,28
6265,28
6266,28
6267,28
6268,28
6269,28
6270,28
6271,28
6272,19
6273,19
6274,19
6275,19
6276,19
6277,19
6278,19
6279,19
6280,19
6281,19
6282,19
6283,19
6284,19
6285,19
6286,19
6287,19
6288,19
6289,19
6290,19
6291,19
6292,19
6293,19
6294,19
6295,19
6296,19
6297,19
6298,19
6299,19
6300,19
6301,19
6302,19
6303,19
6304,19
6305,19
6306,19
6307,19
6308,19
6309,19
6310,19
6311,19
6312,19
6313,19
6314,19
6315,19
6316,19
6317,19
6318,19
6319,19
6320,19
6321,19
6322,19
6323,19
6324,19
6325,19
6326,19
6327,19
6328,19
6329,19
6330,19
6331,19
6332,19
6333,19
6334,19
6335,19
6336,19
6337,19
6338,19
6339,19
6340,19
6341,19
6342,19
6343,19
6344,19
6345,19
6346,19
6347,19
6348,19
6349,19
6350,19
6351,19
6352,19
6353,19
6354,19
6355,19
6356,19
6357,19
6358,19
6359,19
6360,19
6361,19
6362,19
6363,19
6364,19
6365,19
6366,19
6367,19
6368,19
6369,19
6370,19
6371,19
6372,19
6373,19
6374,19
6375,19
6376,19
6377,19
6378,19
6379,19
6380,19
6381,19
6382,19
6383,19
6384,19
6385,19
6386,19
6387,19
6388,19
6389,19
6390,19
6391,19
6392,19
6393,19
6394,19
6395,19
6396,19
6397,19
6398,19
6399,19
6400,19
6401,19
6402,19
6403,19
6404,19
6405,19
6406,19
6407,19
6408,19
6409,19
6410,19
6411,19
6412,19
6413,19
6414,19
6415,19
6416,19
6417,19
6418,19
6419,19
6420,19
6421,19
6422,19
6423,19
6424,19
6425,19
6426,19
6427,19
6428,19
6429,19
6430,19
6431,19
6432,19
6433,19
6434,19
6435,19
6436,19
6437,19
6438,19
6439,19
6440,19
6441,19
6442,19
6443,19
6444,19
6445,19
6446,19
6447,19
6448,19
6449,19
6450,19
6451,19
6452,19
6453,19
6454,19
6455,19
6456,19
6457,19
6458,19
6459,19
6460,19
6461,19
6462,19
6463,19
6464,19
6465,19
6466,19
6467,19
6468,19
6469,19
6470,19
6471,19
6472,19
6473,19
6474,19
6475,19
6476,19
6477,19
6478,19
6479,19
6480,19
6481,19
6482,19
6483,19
6484,19
6485,19
6486,19
6487,10
6488,10
6489,10
6490,10
6491,10
6492,10
6493,10
6494,10
6495,10
6496,10
6497,10
6498,10
6499,10
6500,10
6501,10
6502,10
6503,10
6504,10
6505,10
6506,10
6507,10
6508,10
6509,10
6510,10
6511,10
6512,10
6513,10
6514,10
6515,10
6516,10
6517,10
6518,10
6519,10
6520,10
6521,10
6522,10
6523,10
6524,10
6525,10
6526,10
6527,10
6528,10
6529,10
6530,10
6531,10
6532,10
6533,10
6534,10
6535,10
6536,10
6537,10
6538,10
6539,10
6540,10
6541,10
6542,10
6543,10
6544,10
6545,10
6546,10
6547,10
6548,10
6549,10
6550,10
6551,10
6552,10
6553,10
6554,10
6555,10
6556,10
6557,10
6558,10
6559,10
6560,10
6561,10
6562,10
6563,10
6564,10
6565,10
6566,10
6567,10
6568,10
6569,10
6570,10
6571,10
6572,10
6573,10
6574,10
6575,10
6576,10
6577,10
6578,10
6579,10
6580,10
6581,10
6582,10
6583,10
6584,10
6585,10
6586,10
6587,10
6588,10
6589,10
6590,10
6591,10
6592,10
6593,10
6594,10
6595,10
6596,10
6597,10
6598,10
6599,10
6600,10
6601,10
6602,10
6603,10
6604,10
6605,10
6606,10
6607,10
6608,10
6609,10
6610,10
6611,10
6612,10
6613,10
6614,10
6615,10
6616,10
6617,10
6618,10
6619,10
6620,10
6621,10
6622,10
6623,10
6624,10
6625,10
6626,10
6627,10
6628,10
6629,10
6630,10
6631,10
6632,10
6633,10
6634,10
6635,10
6636,10
6637,10
6638,10
6639,10
6640,10
6641,10
6642,10
6643,10
6644,10
6645,10
6646,10
6647,10
6648,10
6649,10
6650,10
6651,10
6652,10
6653,10
6654,10
6655,10
6656,10
6657,10
6658,10
6659,10
6660,10
6661,10
6662,10
6663,10
6664,10
6665,10
6666,10
6667,10
6668,10
6669,10
6670,10
6671,10
6672,10
6673,10
6674,10
6675,10
6676,10
6677,10
6678,10
6679,10
6680,10
6681,10
6682,10
6683,10
6684,10
6685,10
6686,10
6687,10
6688,10
6689,10
6690,10
6691,10
6692,10
6693,10
6694,10
6695,10
6696,10
6697,10
6698,10
6699,10
6700,10
6701,10
6702,10
6703,10
6704,10
6705,10
6706,10
6707,10
6708,10
6709,10
6710,10
6711,10
6712,10
6713,10
6714,10
6715,10
6716,10
6717,10
6718,10
6719,10
6720,10
6721,10
6722,10
6723,10
6724,10
6725,10
6726,10
6727,10
6728,10
6729,10
6730,10
6731,10
6732,10
6733,10
6734,10
6735,10
6736,10
6737,10
6738,10
6739,10
6740,10
6741,10
6742,10
6743,10
6744,10
6745,10
6746,10
6747,10
6748,10
6749,10
6750,10
6751,10
6752,10
6753,10
6754,10
6755,10
6756,10
6757,10
6758,10
6759,10
6760,10
6761,10
6762,10
6763,10
6764,10
6765,10
6766,10
6767,10
6768,10
6769,10
6770,10
6771,10
6772,10
6773,10
6774,10
6775,10
6776,10
6777,10
6778,10
6779,10
6780,10
6781,10
6782,10
6783,10
6784,10
6785,10
6786,10
6787,10
6788,10
6789,10
6790,10
6791,10
6792,10
6793,10
6794,10
6795,10
6796,10
6797,10
6798,10
6799,10
6800,10
6801,10
6802,10
6803,10
6804,10
6805,10
6806,10
6807,10
6808,10
6809,10
6810,10
6811,10
6812,10
6813,10
6814,10
6815,10
6816,10
6817,10
6818,10
6819,10
6820,10
6821,10
6822,10
6823,10
6824,10
6825,10
6826,10
6827,10
6828,10
6829,10
6830,10
6831,10
6832,10
6833,10
6834,10
6835,10
6836,10
6837,10
6838,10
6839,10
6840,10
6841,10
6842,10
6843,10
6844,10
6845,10
6846,10
6847,10
6848,10
6849,10
6850,10
6851,10
6852,10
6853,10
6854,10
6855,10
6856,10
6857,10
6858,10
6859,10
6860,10
6861,10
6862,10
6863,10
6864,10
6865,10
6866,10
6867,10
6868,10
6869,10
6870,10
6871,10
6872,10
6873,10
6874,10
6875,10
6876,10
6877,10
6878,10
6879,10
6880,10
6881,10
6882,10
6883,10
6884,10
6885,10
6886,10
6887,10
6888,10
6889,10
6890,10
6891,10
6892,10
6893,10
6894,10
6895,10
6896,10
6897,10
6898,10
6899,10
6900,10
6901,10
6902,10
6903,10
6904,10
6905,10
6906,10
6907,10
6908,10
6909,10
6910,10
6911,10
6912,10
6913,10
6914,10
6915,10
6916,10
6917,10
6918,10
6919,10
6920,10
6921,10
6922,10
6923,10
6924,10
6925,10
6926,10
6927,10
6928,10
6929,10
6930,10
6931,10
6932,10
6933,10
6934,10
6935,10
6936,10
6937,10
6938,10
6939,10
6940,10
6941,10
6942,10
6943,10
6944,10
6945,10
6946,10
6947,10
6948,10
6949,10
6950,10
6951,10
6952,10
6953,10
6954,10
6955,10
6956,10
6957,10
6958,10
6959,10
6960,10
6961,10
6962,10
6963,10
6964,10
6965,10
6966,10
6967,10
6968,10
6969,10
6970,10
6971,10
6972,10
6973,10
6974,10
6975,10
6976,10
6977,10
6978,10
6979,10
6980,10
6981,10
6982,10
6983,10
6984,10
6985,10
6986,10
6987,10
6988,10
6989,10
6990,10
6991,10
6992,10
6993,10
6994,10
6995,10
6996,10
6997,10
6998,10
6999,10
7000,10
7001,10
7002,10
7003,10
7004,10
7005,10
7006,10
7007,10
7008,10
7009,10
7010,10
7011,10
7012,10
7013,10
7014,10
7015,10
7016,10
7017,10
7018,10
7019,10
7020,10
7021,10
7022,10
7023,10
7024,10
7025,10
7026,10
7027,10
7028,10
7029,10
7030,10
7031,10
7032,10
7033,10
7034,10
7035,10
7036,10
7037,10
7038,10
7039,10
7040,10
7041,10
7042,10
7043,10
7044,10
7045,10
7046,10
7047,10
7048,10
7049,10
7050,10
7051,10
7052,10
7053,10
7054,10
7055,10
7056,10
7057,10
7058,10
7059,10
7060,10
7061,10
7062,10
7063,10
7064,10
7065,10
7066,10
7067,10
7068,10
7069,10
7070,10
7071,10
7072,10
7073,10
7074,10
7075,10
7076,10
7077,10
7078,10
7079,10
7080,10
7081,10
7082,10
7083,10
7084,10
7085,10
7086,10
7087,10
7088,10
7089,10
7090,10
7091,10
7092,10
7093,10
7094,10
7095,10
7096,10
7097,10
7098,10
7099,10
7100,10
7101,10
7102,10
7103,10
7104,10
7105,10
7106,10
7107,10
7108,10
7109,10
7110,10
7111,10
7112,10
7113,10
7114,10
7115,10
7116,10
7117,10
7118,10
7119,10
7120,10
7121,10
7122,10
7123,10
7124,10
7125,10
7126,10
7127,10
7128,10
7129,10
7130,10
7131,10
7132,10
7133,10
7134,10
7135,10
7136,10
7137,10
7138,10
7139,10
7140,10
7141,10
7142,10
7143,10
7144,10
7145,10
7146,10
7147,10
7148,10
7149,10
7150,10
7151,10
7152,10
7153,10
7154,10
7155,10
7156,10
7157,10
7158,10
7159,10
7160,10
7161,10
7162,10
7163,10
7164,10
7165,10
7166,10
7167,10
7168,10
7169,10
7170,10
7171,10
7172,10
7173,10
7174,10
7175,10
7176,10
7177,10
7178,10
7179,10
7180,10
7181,10
7182,10
7183,10
7184,10
7185,10
7186,10
7187,10
7188,10
7189,10
7190,10
7191,10
7192,10
7193,10
7194,10
7195,10
7196,10
7197,10
7198,10
7199,10
7200,10
7201,10
7202,10
7203,10
7204,10
7205,10
7206,10
7207,10
7208,10
7209,10
7210,10
7211,10
7212,10
7213,10
7214,10
7215,10
7216,10
7217,10
7218,10
7219,10
7220,10
7221,10
7222,10
7223,10
7224,10
7225,10
7226,10
7227,10
7228,10
7229,10
7230,10
7231,10
7232,10
7233,10
7234,10
7235,10
7236,10
7237,10
7238,10
7239,10
7240,10
7241,10
7242,10
7243,10
7244,10
7245,10
7246,10
7247,10
7248,10
7249,10
7250,10
7251,10
7252,10
7253,10
7254,10
7255,31
7256,31
7257,31
7258,31
7259,31
7260,31
7261,31
7262,31
7263,31
7264,31
7265,31
7266,31
7267,31
7268,31
7269,31
7270,31
7271,31
7272,31
7273,31
7274,31
7275,31
7276,31
7277,31
7278,31
7279,31
7280,31
7281,31
7282,31
7283,31
7284,31
7285,31
7286,31
7287,31
7288,31
7289,31
7290,31
7291,31
7292,31
7293,31
7294,31
7295,31
7296,31
7297,31
7298,31
7299,31
7300,31
7301,31
7302,31
7303,31
7304,31
7305,31
7306,31
7307,31
7308,31
7309,31
7310,31
7311,31
7312,31
7313,31
7314,31
7315,31
7316,31
7317,31
7318,31
7319,31
7320,31
7321,31
7322,31
7323,31
7324,31
7325,31
7326,31
7327,31
7328,31
7329,31
7330,31
7331,31
7332,31
7333,31
7334,31
7335,31
7336,31
7337,31
7338,31
7339,31
7340,31
7341,31
7342,31
7343,31
7344,31
7345,31
7346,31
7347,31
7348,31
7349,31
7350,31
7351,31
7352,31
7353,31
7354,31
7355,31
7356,31
7357,31
7358,31
7359,31
7360,31
7361,31
7362,31
7363,31
7364,31
7365,31
7366,31
7367,31
7368,31
7369,31
7370,31
7371,31
7372,31
7373,31
7374,31
7375,31
7376,31
7377,31
7378,31
7379,31
7380,31
7381,31
7382,31
7383,31
7384,31
7385,31
7386,31
7387,31
7388,31
7389,31
7390,31
7391,31
7392,31
7393,31
7394,31
7395,31
7396,31
7397,31
7398,31
7399,31
7400,31
7401,31
7402,17
7403,17
7404,17
7405,17
7406,17
7407,17
7408,17
7409,17
7410,17
7411,17
7412,17
7413,17
7414,17
7415,17
7416,17
7417,17
7418,17
7419,17
7420,17
7421,17
7422,17
7423,17
7424,17
7425,17
7426,17
7427,17
7428,17
7429,17
7430,17
7431,17
7432,17
7433,17
7434,17
7435,17
7436,17
7437,17
7438,17
7439,17
7440,17
7441,17
7442,17
7443,17
7444,17
7445,17
7446,17
7447,17
7448,17
7449,17
7450,17
7451,17
7452,17
7453,17
7454,17
7455,17
7456,17
7457,17
7458,17
7459,17
7460,17
7461,17
7462,17
7463,17
7464,17
7465,17
7466,17
7467,17
7468,17
7469,17
7470,17
7471,17
7472,17
7473,17
7474,17
7475,17
7476,17
7477,17
7478,17
7479,17
7480,17
7481,17
7482,17
7483,17
7484,17
7485,17
7486,17
7487,17
7488,17
7489,17
7490,17
7491,17
7492,17
7493,17
7494,17
7495,17
7496,17
7497,17
7498,17
7499,17
7500,17
7501,17
7502,17
7503,17
7504,17
7505,17
7506,17
7507,17
7508,17
7509,17
7510,17
7511,17
7512,17
7513,17
7514,17
7515,17
7516,17
7517,17
7518,17
7519,17
7520,17
7521,17
7522,17
7523,17
7524,17
7525,17
7526,17
7527,17
7528,17
7529,17
7530,17
7531,17
7532,17
7533,17
7534,17
7535,17
7536,17
7537,17
7538,17
7539,17
7540,17
7541,17
7542,17
7543,17
7544,17
7545,17
7546,17
7547,17
7548,17
7549,17
7550,17
7551,17
7552,17
7553,17
7554,17
7555,17
7556,17
7557,17
7558,17
7559,17
7560,17
7561,17
7562,17
7563,17
7564,17
7565,17
7566,17
7567,17
7568,17
7569,17
7570,17
7571,17
7572,17
7573,17
7574,17
7575,17
7576,17
7577,17
7578,17
7579,17
7580,17
7581,17
7582,17
7583,17
7584,17
7585,17
7586,17
7587,17
7588,17
7589,17
7590,17
7591,17
7592,17
7593,17
7594,17
7595,17
7596,17
7597,17
7598,17
7599,17
7600,17
7601,17
7602,17
7603,17
7604,17
7605,17
7606,17
7607,17
7608,17
7609,17
7610,17
7611,17
7612,17
7613,17
7614,17
7615,17
7616,17
7617,17
7618,17
7619,17
7620,17
7621,17
7622,17
7623,17
7624,17
7625,17
7626,17
7627,17
7628,17
7629,17
7630,17
7631,17
7632,17
7633,17
7634,17
7635,17
7636,17
7637,17
7638,17
7639,17
7640,17
7641,17
7642,17
7643,17
7644,17
7645,17
7646,17
7647,17
7648,17
7649,17
7650,17
7651,17
7652,17
7653,17
7654,17
7655,17
7656,17
7657,17
7658,17
7659,17
7660,17
7661,17
7662,17
7663,17
7664,17
7665,17
7666,17
7667,17
7668,17
7669,17
7670,17
7671,17
7672,17
7673,17
7674,17
7675,17
7676,17
7677,17
7678,17
7679,17
7680,17
7681,17
7682,17
7683,17
7684,17
7685,17
7686,17
7687,17
7688,17
7689,17
7690,17
7691,17
7692,17
7693,17
7694,17
7695,17
7696,17
7697,17
7698,17
7699,17
7700,17
7701,17
7702,17
7703,17
7704,17
7705,17
7706,17
7707,17
7708,17
7709,17
7710,17
7711,17
7712,17
7713,17
7714,17
7715,17
7716,17
7717,17
7718,17
7719,17
7720,17
7721,17
7722,17
7723,17
7724,17
7725,17
7726,17
7727,17
7728,17
7729,17
7730,17
7731,17
7732,17
7733,17
7734,17
7735,17
7736,17
7737,17
7738,17
7739,17
7740,17
7741,17
7742,17
7743,17
7744,17
7745,17
7746,17
7747,17
7748,17
7749,17
7750,17
7751,17
7752,17
7753,17
7754,17
7755,17
7756,17
7757,17
7758,17
7759,17
7760,17
7761,17
7762,17
7763,17
7764,17
7765,17
7766,17
7767,17
7768,17
7769,17
7770,17
7771,17
7772,17
7773,17
7774,17
7775,17
7776,17
7777,17
7778,17
7779,17
7780,17
7781,17
7782,17
7783,17
7784,17
7785,17
7786,17
7787,17
7788,17
7789,17
7790,17
7791,17
7792,17
7793,17
7794,17
7795,17
7796,17
7797,17
7798,17
7799,17
7800,17
7801,17
7802,17
7803,17
7804,17
7805,17
7806,17
7807,17
7808,17
7809,17
7810,17
7811,17
7812,17
7813,17
7814,17
7815,17
7816,17
7817,17
7818,17
7819,17
7820,17
7821,17
7822,17
7823,17
7824,17
7825,17
7826,17
7827,17
7828,17
7829,17
7830,17
7831,17
7832,17
7833,17
7834,17
7835,17
7836,17
7837,17
7838,17
7839,17
7840,17
7841,17
7842,17
7843,17
7844,17
7845,17
7846,17
7847,17
7848,17
7849,17
7850,17
7851,17
7852,17
7853,17
7854,17
7855,17
7856,17
7857,17
7858,17
7859,17
7860,17
7861,17
7862,17
7863,17
7864,17
7865,17
7866,17
7867,17
7868,17
7869,17
7870,17
7871,17
7872,17
7873,17
7874,17
7875,17
7876,17
7877,17
7878,17
7879,17
7880,17
7881,17
7882,17
7883,17
7884,17
7885,17
7886,17
7887,17
7888,17
7889,17
7890,17
7891,17
7892,17
7893,17
7894,17
7895,17
7896,17
7897,17
7898,17
7899,17
7900,17
7901,17
7902,17
7903,17
7904,17
7905,17
7906,17
7907,17
7908,17
7909,17
7910,17
7911,17
7912,17
7913,17
7914,17
7915,17
7916,17
7917,17
7918,17
7919,17
7920,17
7921,17
7922,17
7923,17
7924,17
7925,17
7926,17
7927,17
7928,17
7929,17
7930,17
7931,17
7932,17
7933,17
7934,17
7935,17
7936,17
7937,17
7938,17
7939,17
7940,17
7941,17
7942,17
7943,17
7944,17
7945,17
7946,17
7947,17
7948,17
7949,17
7950,17
7951,17
7952,17
7953,17
7954,17
7955,17
7956,17
7957,17
7958,17
7959,17
7960,17
7961,17
7962,17
7963,17
7964,17
7965,17
7966,17
7967,17
7968,17
7969,17
7970,17
7971,17
7972,17
7973,17
7974,17
7975,17
7976,17
7977,17
7978,17
7979,17
7980,17
7981,17
7982,17
7983,17
7984,17
7985,17
7986,17
7987,17
7988,17
7989,17
7990,17
7991,17
7992,17
7993,17
7994,17
7995,17
7996,17
7997,17
7998,17
7999,17
8000,17
8001,17
8002,17
8003,17
8004,17
8005,17
8006,17
8007,17
8008,17
8009,17
8010,17
8011,17
8012,17
8013,17
8014,17
8015,17
8016,17
8017,17
8018,17
8019,17
8020,17
8021,17
8022,17
8023,17
8024,17
8025,17
8026,17
8027,17
8028,17
8029,17
8030,17
8031,17
8032,17
8033,17
8034,17
8035,17
8036,17
8037,17
8038,17
8039,17
8040,17
8041,17
8042,17
8043,17
8044,17
8045,17
8046,17
8047,17
8048,17
8049,17
8050,17
8051,17
8052,17
8053,17
8054,17
8055,17
8056,17
8057,17
8058,17
8059,17
8060,17
8061,17
8062,17
8063,17
8064,17
8065,17
8066,17
8067,17
8068,17
8069,17
8070,17
8071,17
8072,17
8073,17
8074,17
8075,17
8076,17
8077,17
8078,17
8079,17
8080,17
8081,17
8082,17
8083,17
8084,17
8085,17
8086,17
8087,17
8088,17
8089,17
8090,17
8091,17
8092,17
8093,17
8094,17
8095,17
8096,17
8097,17
8098,17
8099,17
8100,17
8101,17
8102,17
8103,17
8104,17
8105,17
8106,17
8107,17
8108,17
8109,17
8110,17
8111,17
8112,17
8113,17
8114,17
8115,17
8116,17
8117,17
8118,17
8119,17
8120,17
8121,17
8122,17
8123,17
8124,17
8125,17
8126,17
8127,17
8128,17
8129,17
8130,17
8131,17
8132,17
8133,17
8134,17
8135,17
8136,17
8137,17
8138,17
8139,17
8140,17
8141,17
8142,17
8143,17
8144,17
8145,17
8146,17
8147,17
8148,17
8149,17
8150,17
8151,17
8152,17
8153,17
8154,17
8155,17
8156,17
8157,17
8158,17
8159,17
8160,17
8161,17
8162,17
8163,17
8164,17
8165,17
8166,17
8167,17
8168,17
8169,17
8170,17
8171,17
8172,17
8173,17
8174,17
8175,17
8176,17
8177,17
8178,17
8179,17
8180,17
8181,17
8182,17
8183,17
8184,17
8185,17
8186,17
8187,17
8188,17
8189,17
8190,17
8191,17
8192,17
8193,17
8194,17
8195,17
8196,17
8197,17
8198,17
8199,17
8200,17
8201,17
8202,17
8203,17
8204,17
8205,17
8206,17
8207,17
8208,17
8209,17
8210,17
8211,17
8212,17
8213,17
8214,17
8215,17
8216,17
8217,17
8218,17
8219,17
8220,17
8221,17
8222,17
8223,17
8224,17
8225,17
8226,17
8227,17
8228,17
8229,17
8230,17
8231,17
8232,17
8233,17
8234,17
8235,17
8236,17
8237,17
8238,17
8239,17
8240,17
8241,17
8242,17
8243,17
8244,17
8245,17
8246,17
8247,17
8248,17
8249,17
8250,17
8251,17
8252,17
8253,17
8254,17
8255,17
8256,17
8257,17
8258,17
8259,17
8260,17
8261,17
8262,17
8263,17
8264,17
8265,17
8266,17
8267,17
8268,17
8269,17
8270,17
8271,17
8272,17
8273,17
8274,17
8275,17
8276,17
8277,17
8278,17
8279,17
8280,17
8281,17
8282,17
8283,17
8284,17
8285,17
8286,17
8287,17
8288,17
8289,17
8290,17
8291,17
8292,17
8293,17
8294,17
8295,17
8296,17
8297,17
8298,17
8299,17
8300,17
8301,17
8302,17
8303,17
8304,17
8305,17
8306,17
8307,17
8308,17
8309,17
8310,17
8311,17
8312,17
8313,17
8314,17
8315,17
8316,17
8317,17
8318,17
8319,17
8320,17
8321,17
8322,17
8323,17
8324,17
8325,17
8326,17
8327,17
8328,17
8329,17
8330,17
8331,17
8332,17
8333,17
8334,17
8335,17
8336,17
8337,17
8338,17
8339,17
8340,17
8341,17
8342,17
8343,17
8344,17
8345,17
8346,17
8347,17
8348,17
8349,17
8350,17
8351,17
8352,17
8353,17
8354,17
8355,17
8356,17
8357,17
8358,17
8359,17
8360,17
8361,17
8362,17
8363,17
8364,17
8365,17
8366,17
8367,17
8368,17
8369,17
8370,17
8371,17
8372,17
8373,17
8374,17
8375,17
8376,17
8377,17
8378,17
8379,17
8380,17
8381,17
8382,17
8383,17
8384,17
8385,17
8386,17
8387,17
8388,17
8389,17
8390,17
8391,17
8392,17
8393,17
8394,17
8395,17
8396,17
8397,17
8398,17
8399,17
8400,17
8401,17
8402,17
8403,17
8404,17
8405,17
8406,17
8407,17
8408,17
8409,17
8410,17
8411,17
8412,17
8413,17
8414,17
8415,17
8416,17
8417,17
8418,17
8419,17
8420,17
8421,17
8422,17
8423,17
8424,17
8425,17
8426,17
8427,17
8428,17
8429,17
8430,17
8431,17
8432,17
8433,17
8434,17
8435,17
8436,17
8437,17
8438,17
8439,17
8440,17
8441,17
8442,17
8443,17
8444,17
8445,17
8446,17
8447,17
8448,17
8449,17
8450,17
8451,17
8452,17
8453,17
8454,17
8455,17
8456,17
8457,17
8458,17
8459,17
8460,17
8461,17
8462,17
8463,17
8464,17
8465,17
8466,17
8467,17
8468,17
8469,17
8470,17
8471,17
8472,17
8473,17
8474,17
8475,17
8476,17
8477,17
8478,17
8479,17
8480,17
8481,17
8482,17
8483,17
8484,17
8485,17
8486,17
8487,17
8488,17
8489,17
8490,17
8491,17
8492,17
8493,17
8494,17
8495,17
8496,17
8497,17
8498,17
8499,17
8500,17
8501,17
8502,17
8503,17
8504,17
8505,17
8506,17
8507,17
8508,17
8509,17
8510,17
8511,17
8512,17
8513,17
8514,17
8515,17
8516,17
8517,17
8518,17
8519,17
8520,17
8521,17
8522,17
8523,17
8524,17
8525,17
8526,17
8527,17
8528,17
8529,17
8530,17
8531,17
8532,17
8533,17
8534,17
8535,17
8536,17
8537,17
8538,17
8539,17
8540,17
8541,17
8542,17
8543,17
8544,17
8545,17
8546,17
8547,17
8548,17
8549,17
8550,17
8551,17
8552,17
8553,17
8554,17
8555,17
8556,17
8557,17
8558,17
8559,17
8560,17
8561,17
8562,17
8563,17
8564,17
8565,17
8566,17
8567,17
8568,17
8569,17
8570,17
8571,17
8572,17
8573,17
8574,17
8575,17
8576,17
8577,17
8578,25
8579,25
8580,25
8581,25
8582,25
8583,25
8584,25
8585,25
8586,25
8587,25
8588,25
8589,25
8590,25
8591,25
8592,25
8593,25
8594,25
8595,25
8596,25
8597,25
8598,25
8599,25
8600,25
8601,25
8602,25
8603,25
8604,25
8605,25
8606,25
8607,25
8608,25
8609,25
8610,25
8611,25
8612,25
8613,25
8614,25
8615,25
8616,25
8617,25
8618,25
8619,25
8620,25
8621,25
8622,25
8623,25
8624,25
8625,25
8626,25
8627,25
8628,25
8629,25
8630,25
8631,25
8632,25
8633,25
8634,25
8635,25
8636,25
8637,25
8638,25
8639,25
8640,25
8641,25
8642,25
8643,25
8644,25
8645,25
8646,25
8647,25
8648,25
8649,25
8650,25
8651,25
8652,25
8653,25
8654,25
8655,25
8656,25
8657,25
8658,25
8659,25
8660,25
8661,25
8662,25
8663,25
8664,25
8665,25
8666,25
8667,25
8668,25
8669,25
8670,25
8671,25
8672,25
8673,25
8674,25
8675,25
8676,25
8677,25
8678,25
8679,25
8680,25
8681,25
8682,25
8683,25
8684,25
8685,25
8686,25
8687,25
8688,25
8689,25
8690,25
8691,25
8692,25
8693,25
8694,25
8695,25
8696,25
8697,25
8698,25
8699,25
8700,25
8701,25
8702,25
8703,25
8704,25
8705,25
8706,25
8707,25
8708,25
8709,25
8710,25
8711,25
8712,25
8713,25
8714,25
8715,25
8716,25
8717,25
8718,25
8719,25
8720,25
8721,25
8722,25
8723,25
8724,25
8725,25
8726,25
8727,25
8728,25
8729,25
8730,25
8731,25
8732,25
8733,25
8734,25
8735,25
8736,25
8737,25
8738,25
8739,25
8740,25
8741,25
8742,25
8743,25
8744,25
8745,25
8746,25
8747,25
8748,25
8749,25
8750,25
8751,25
8752,25
8753,25
8754,25
8755,25
8756,25
8757,25
8758,25
8759,25
8760,25
8761,25
8762,25
8763,25
8764,25
8765,25
8766,25
8767,25
8768,25
8769,25
8770,25
8771,25
8772,25
8773,25
8774,25
8775,25
8776,25
8777,25
8778,25
8779,25
8780,25
8781,25
8782,18
8783,18
8784,18
8785,18
8786,18
8787,18
8788,18
8789,18
8790,18
8791,18
8792,18
8793,18
8794,18
8795,18
8796,18
8797,18
8798,18
8799,18
8800,18
8801,18
8802,18
8803,18
8804,18
8805,18
8806,18
8807,18
8808,18
8809,18
8810,18
8811,18
8812,18
8813,18
8814,18
8815,18
8816,18
8817,18
8818,18
8819,18
8820,18
8821,18
8822,18
8823,18
8824,18
8825,18
8826,18
8827,18
8828,18
8829,18
8830,18
8831,18
8832,18
8833,18
8834,18
8835,18
8836,18
8837,18
8838,18
8839,18
8840,18
8841,18
8842,18
8843,18
8844,18
8845,18
8846,18
8847,18
8848,18
8849,18
8850,18
8851,18
8852,18
8853,18
8854,18
8855,18
8856,18
8857,18
8858,18
8859,18
8860,18
8861,18
8862,18
8863,18
8864,18
8865,18
8866,18
8867,18
8868,18
8869,18
8870,18
8871,18
8872,18
8873,18
8874,18
8875,18
8876,18
8877,18
8878,18
8879,18
8880,18
8881,18
8882,18
8883,18
8884,18
8885,18
8886,18
8887,18
8888,18
8889,18
8890,18
8891,18
8892,18
8893,18
8894,18
8895,18
8896,18
8897,18
8898,18
8899,18
8900,18
8901,18
8902,18
8903,18
8904,18
8905,18
8906,18
8907,18
8908,18
8909,18
8910,18
8911,18
8912,18
8913,18
8914,18
8915,18
8916,18
8917,18
8918,18
8919,18
8920,18
8921,18
8922,18
8923,18
8924,18
8925,18
8926,18
8927,18
8928,18
8929,18
8930,18
8931,18
8932,18
8933,18
8934,18
8935,18
8936,18
8937,18
8938,18
8939,18
8940,18
8941,18
8942,18
8943,18
8944,18
8945,18
8946,18
8947,18
8948,18
8949,18
8950,18
8951,18
8952,18
8953,18
8954,18
8955,18
8956,18
8957,18
8958,18
8959,18
8960,18
8961,18
8962,18
8963,18
8964,18
8965,18
8966,18
8967,18
8968,18
8969,18
8970,18
8971,18
8972,18
8973,18
8974,18
8975,18
8976,18
8977,18
8978,18
8979,18
8980,18
8981,18
8982,18
8983,18
8984,18
8985,18
8986,18
8987,18
8988,18
8989,18
8990,18
8991,18
8992,18
8993,18
8994,18
8995,18
8996,18
8997,18
8998,18
8999,18
9000,18
9001,18
9002,18
9003,18
9004,18
9005,18
9006,18
9007,18
9008,18
9009,18
9010,18
9011,18
9012,18
9013,18
9014,18
9015,18
9016,18
9017,18
9018,18
9019,18
9020,18
9021,18
9022,18
9023,18
9024,18
9025,18
9026,18
9027,18
9028,18
9029,18
9030,18
9031,18
9032,18
9033,18
9034,18
9035,18
9036,18
9037,18
9038,18
9039,18
9040,18
9041,18
9042,18
9043,18
9044,18
9045,18
9046,18
9047,18
9048,18
9049,18
9050,18
9051,18
9052,18
9053,18
9054,18
9055,18
9056,18
9057,18
9058,18
9059,18
9060,18
9061,18
9062,18
9063,18
9064,18
9065,18
9066,18
9067,18
9068,18
9069,18
9070,18
9071,18
9072,18
9073,18
9074,18
9075,18
9076,18
9077,18
9078,18
9079,18
9080,18
9081,18
9082,18
9083,18
9084,18
9085,18
9086,18
9087,18
9088,18
9089,18
9090,18
9091,18
9092,18
9093,18
9094,18
9095,18
9096,18
9097,18
9098,18
9099,18
9100,18
9101,18
9102,18
9103,18
9104,18
9105,18
9106,18
9107,18
9108,18
9109,18
9110,18
9111,18
9112,18
9113,18
9114,18
9115,18
9116,18
9117,18
9118,18
9119,18
9120,18
9121,18
9122,18
9123,18
9124,18
9125,18
9126,18
9127,18
9128,18
9129,18
9130,18
9131,18
9132,18
9133,18
9134,18
9135,18
9136,18
9137,18
9138,18
9139,18
9140,18
9141,18
9142,18
9143,18
9144,18
9145,18
9146,18
9147,18
9148,18
9149,18
9150,18
9151,18
9152,18
9153,18
9154,18
9155,18
9156,18
9157,18
9158,18
9159,18
9160,18
9161,18
9162,18
9163,18
9164,18
9165,18
9166,18
9167,18
9168,18
9169,18
9170,18
9171,18
9172,18
9173,18
9174,18
9175,18
9176,18
9177,18
9178,18
9179,18
9180,18
9181,18
9182,18
9183,18
9184,18
9185,18
9186,18
9187,18
9188,18
9189,18
9190,18
9191,18
9192,18
9193,18
9194,18
9195,18
9196,18
9197,18
9198,18
9199,18
9200,18
9201,18
9202,18
9203,18
9204,18
9205,18
9206,18
9207,18
9208,18
9209,18
9210,18
9211,18
9212,18
9213,18
9214,18
9215,18
9216,18
9217,18
9218,18
9219,18
9220,18
9221,18
9222,18
9223,18
9224,18
9225,18
9226,18
9227,18
9228,18
9229,18
9230,18
9231,18
9232,18
9233,18
9234,18
9235,18
9236,18
9237,18
9238,18
9239,18
9240,18
9241,18
9242,18
9243,18
9244,18
9245,18
9246,18
9247,18
9248,18
9249,18
9250,18
9251,18
9252,18
9253,18
9254,18
9255,18
9256,18
9257,18
9258,18
9259,18
9260,18
9261,18
9262,18
9263,18
9264,18
9265,18
9266,18
9267,18
9268,18
9269,18
9270,18
9271,18
9272,18
9273,18
9274,18
9275,18
9276,18
9277,18
9278,18
9279,18
9280,18
9281,18
9282,18
9283,18
9284,18
9285,18
9286,18
9287,18
9288,18
9289,18
9290,18
9291,18
9292,18
9293,18
9294,18
9295,18
9296,18
9297,18
9298,18
9299,18
9300,18
9301,18
9302,18
9303,18
9304,18
9305,18
9306,18
9307,18
9308,18
9309,18
9310,18
9311,18
9312,18
9313,18
9314,18
9315,18
9316,18
9317,18
9318,18
9319,18
9320,18
9321,18
9322,18
9323,18
9324,18
9325,18
9326,18
9327,18
9328,18
9329,18
9330,18
9331,18
9332,18
9333,18
9334,18
9335,18
9336,18
9337,18
9338,18
9339,18
9340,18
9341,18
9342,18
9343,18
9344,18
9345,18
9346,18
9347,18
9348,18
9349,18
9350,18
9351,18
9352,18
9353,18
9354,18
9355,18
9356,18
9357,18
9358,18
9359,18
9360,18
9361,18
9362,18
9363,18
9364,18
9365,18
9366,18
9367,18
9368,18
9369,18
9370,18
9371,18
9372,18
9373,18
9374,18
9375,18
9376,18
9377,18
9378,18
9379,18
9380,18
9381,18
9382,18
9383,18
9384,18
9385,18
9386,18
9387,18
9388,18
9389,18
9390,18
9391,18
9392,18
9393,18
9394,18
9395,18
9396,18
9397,18
9398,18
9399,18
9400,18
9401,18
9402,18
9403,18
9404,18
9405,18
9406,18
9407,18
9408,18
9409,18
9410,18
9411,18
9412,18
9413,18
9414,18
9415,18
9416,18
9417,18
9418,18
9419,18
9420,18
9421,18
9422,18
9423,18
9424,18
9425,18
9426,18
9427,18
9428,18
9429,18
9430,18
9431,18
9432,18
9433,18
9434,18
9435,18
9436,18
9437,18
9438,18
9439,18
9440,18
9441,18
9442,18
9443,18
9444,18
9445,18
9446,18
9447,18
9448,18
9449,18
9450,18
9451,18
9452,18
9453,18
9454,18
9455,18
9456,18
9457,18
9458,18
9459,18
9460,18
9461,18
9462,18
9463,18
9464,18
9465,18
9466,18
9467,18
9468,18
9469,18
9470,18
9471,18
9472,18
9473,18
9474,18
9475,18
9476,18
9477,18
9478,18
9479,18
9480,18
9481,18
9482,18
9483,18
9484,18
9485,18
9486,18
9487,18
9488,18
9489,18
9490,18
9491,18
9492,18
9493,18
9494,18
9495,18
9496,18
9497,18
9498,18
9499,18
9500,18
9501,18
9502,18
9503,18
9504,18
9505,18
9506,18
9507,18
9508,18
9509,18
9510,18
9511,18
9512,18
9513,18
9514,18
9515,18
9516,18
9517,18
9518,18
9519,18
9520,18
9521,18
9522,18
9523,18
9524,18
9525,18
9526,18
9527,18
9528,18
9529,18
9530,18
9531,18
9532,18
9533,18
9534,18
9535,18
9536,18
9537,18
9538,18
9539,18
9540,18
9541,18
9542,18
9543,18
9544,18
9545,18
9546,18
9547,18
9548,18
9549,18
9550,18
9551,18
9552,18
9553,18
9554,18
9555,18
9556,18
9557,18
9558,18
9559,18
9560,18
9561,18
9562,18
9563,18
9564,18
9565,18
9566,18
9567,18
9568,18
9569,18
9570,18
9571,18
9572,18
9573,18
9574,18
9575,18
9576,18
9577,18
9578,18
9579,18
9580,18
9581,18
9582,18
9583,18
9584,18
9585,18
9586,18
9587,18
9588,18
9589,18
9590,18
9591,18
9592,18
9593,18
9594,18
9595,18
9596,18
9597,18
9598,18
9599,18
9600,18
9601,18
9602,18
9603,18
9604,18
9605,18
9606,18
9607,18
9608,18
9609,18
9610,18
9611,18
9612,18
9613,14
9614,14
9615,14
9616,14
9617,14
9618,14
9619,14
9620,14
9621,14
9622,14
9623,14
9624,14
9625,14
9626,14
9627,14
9628,14
9629,14
9630,14
9631,14
9632,14
9633,14
9634,14
9635,14
9636,14
9637,14
9638,14
9639,14
9640,14
9641,14
9642,14
9643,14
9644,14
9645,14
9646,14
9647,14
9648,14
9649,14
9650,14
9651,14
9652,14
9653,14
9654,14
9655,14
9656,14
9657,14
9658,14
9659,14
9660,14
9661,14
9662,14
9663,14
9664,14
9665,14
9666,14
9667,14
9668,14
9669,14
9670,14
9671,14
9672,14
9673,14
9674,14
9675,14
9676,14
9677,14
9678,14
9679,14
9680,14
9681,14
9682,14
9683,14
9684,14
9685,14
9686,14
9687,14
9688,14
9689,14
9690,14
9691,14
9692,14
9693,14
9694,14
9695,14
9696,14
9697,14
9698,14
9699,14
9700,14
9701,14
9702,14
9703,14
9704,14
9705,14
9706,14
9707,14
9708,14
9709,14
9710,14
9711,14
9712,14
9713,14
9714,14
9715,14
9716,14
9717,14
9718,14
9719,14
9720,14
9721,14
9722,14
9723,14
9724,14
9725,14
9726,14
9727,23
9728,23
9729,23
9730,23
9731,23
9732,23
9733,23
9734,23
9735,23
9736,23
9737,23
9738,23
9739,23
9740,23
9741,23
9742,23
9743,23
9744,23
9745,23
9746,23
9747,23
9748,23
9749,23
9750,23
9751,23
9752,23
9753,23
9754,23
9755,23
9756,23
9757,23
9758,23
9759,23
9760,23
9761,23
9762,23
9763,23
9764,23
9765,23
9766,23
9767,23
9768,23
9769,23
9770,23
9771,23
9772,23
9773,23
9774,23
9775,23
9776,23
9777,23
9778,23
9779,23
9780,23
9781,23
9782,23
9783,23
9784,23
9785,23
9786,23
9787,23
9788,23
9789,23
9790,23
9791,23
9792,23
9793,23
9794,23
9795,23
9796,23
9797,23
9798,23
9799,23
9800,23
9801,23
9802,23
9803,23
9804,23
9805,23
9806,23
9807,23
9808,23
9809,23
9810,23
9811,23
9812,23
9813,23
9814,23
9815,23
9816,23
9817,23
9818,23
9819,23
9820,23
9821,23
9822,23
9823,23
9824,23
9825,23
9826,23
9827,23
9828,23
9829,23
9830,23
9831,23
9832,23
9833,23
9834,23
9835,23
9836,23
9837,23
9838,23
9839,23
9840,23
9841,23
9842,23
9843,23
9844,23
9845,23
9846,23
9847,23
9848,23
9849,23
9850,23
9851,23
9852,23
9853,23
9854,23
9855,23
9856,23
9857,23
9858,23
9859,23
9860,23
9861,23
9862,23
9863,23
9864,23
9865,23
9866,23
9867,23
9868,23
9869,23
9870,23
9871,23
9872,23
9873,23
9874,23
9875,23
9876,23
9877,23
9878,23
9879,23
9880,23
9881,23
9882,23
9883,23
9884,23
9885,23
9886,23
9887,23
9888,23
9889,23
9890,23
9891,23
9892,23
9893,23
9894,23
9895,23
9896,23
9897,23
9898,23
9899,23
9900,23
9901,23
9902,23
9903,23
9904,23
9905,23
9906,23
9907,23
9908,23
9909,23
9910,23
9911,23
9912,23
9913,23
9914,23
9915,23
9916,23
9917,23
9918,23
9919,23
9920,23
9921,23
9922,23
9923,23
9924,23
9925,23
9926,23
9927,23
9928,23
9929,23
9930,23
9931,23
9932,23
9933,23
9934,23
9935,23
9936,23
9937,23
9938,23
9939,23
9940,23
9941,23
9942,23
9943,23
9944,23
9945,23
9946,23
9947,23
9948,23
9949,23
9950,23
9951,23
9952,23
9953,23
9954,23
9955,23
9956,23
9957,23
9958,23
9959,23
9960,23
9961,23
9962,23
9963,23
9964,23
9965,23
9966,23
9967,23
9968,23
9969,23
9970,23
9971,23
9972,23
9973,23
9974,23
9975,23
9976,23
9977,23
9978,23
9979,23
9980,23
9981,23
9982,23
9983,23
9984,23
9985,23
9986,23
9987,23
9988,23
9989,23
9990,23
9991,23
9992,23
9993,23
9994,23
9995,23
9996,23
9997,23
9998,23
9999,23
10000,23
10001,23
10002,23
10003,23
10004,23
10005,23
10006,23
10007,23
10008,23
10009,23
10010,23
10011,23
10012,23
10013,23
10014,23
10015,23
10016,23
10017,23
10018,23
10019,23
10020,23
10021,23
10022,23
10023,23
10024,23
10025,23
10026,23
10027,23
10028,23
10029,23
10030,23
10031,23
10032,23
10033,23
10034,23
10035,23
10036,23
10037,23
10038,23
10039,23
10040,23
10041,23
10042,23
10043,23
10044,23
10045,23
10046,23
10047,23
10048,23
10049,23
10050,23
10051,23
10052,23
10053,23
10054,23
10055,23
10056,23
10057,23
10058,23
10059,23
10060,23
10061,23
10062,23
10063,23
10064,23
10065,23
10066,23
10067,23
10068,23
10069,23
10070,23
10071,23
10072,23
10073,23
10074,23
10075,23
10076,23
10077,23
10078,23
10079,23
10080,23
10081,23
10082,23
10083,23
10084,23
10085,23
10086,23
10087,23
10088,23
10089,23
10090,23
10091,23
10092,23
10093,23
10094,23
10095,23
10096,23
10097,23
10098,20
10099,20
10100,20
10101,20
10102,20
10103,20
10104,20
10105,20
10106,20
10107,20
10108,20
10109,20
10110,20
10111,20
10112,20
10113,20
10114,20
10115,20
10116,20
10117,20
10118,20
10119,20
10120,20
10121,20
10122,20
10123,20
10124,20
10125,20
10126,20
10127,20
10128,20
10129,20
10130,20
10131,20
10132,20
10133,20
10134,20
10135,20
10136,20
10137,20
10138,20
10139,20
10140,4
10141,4
10142,4
10143,4
10144,4
10145,4
10146,4
10147,4
10148,4
10149,4
10150,4
10151,4
10152,4
10153,4
10154,4
10155,4
10156,4
10157,4
10158,4
10159,4
10160,4
10161,4
10162,4
10163,4
10164,4
10165,4
10166,4
10167,4
10168,4
10169,4
10170,4
10171,4
10172,4
10173,4
10174,4
10175,4
10176,4
10177,4
10178,4
10179,4
10180,4
10181,4
10182,4
10183,4
10184,4
10185,4
10186,4
10187,4
10188,4
10189,4
10190,4
10191,4
10192,4
10193,4
10194,4
10195,4
10196,16
10197,16
10198,16
10199,16
10200,16
10201,16
10202,16
10203,16
10204,16
10205,16
10206,16
10207,16
10208,16
10209,16
10210,16
10211,16
10212,16
10213,16
10214,16
10215,16
10216,16
10217,16
10218,16
10219,16
10220,16
10221,16
10222,16
10223,16
10224,16
10225,16
10226,16
10227,16
10228,16
10229,16
10230,16
10231,16
10232,16
10233,16
10234,16
10235,16
10236,16
10237,16
10238,16
10239,16
10240,16
10241,16
10242,16
10243,16
10244,16
10245,16
10246,16
10247,16
10248,16
10249,16
10250,16
10251,16
10252,16
10253,16
10254,16
10255,16
10256,16
10257,16
10258,16
10259,16
10260,16
10261,16
10262,16
10263,16
10264,16
10265,16
10266,16
10267,16
10268,16
10269,16
10270,16
10271,16
10272,16
10273,16
10274,16
10275,16
10276,16
10277,16
10278,16
10279,16
10280,16
10281,16
10282,16
10283,16
10284,16
10285,16
10286,16
10287,16
10288,16
10289,16
10290,16
10291,16
10292,16
10293,16
10294,16
10295,16
10296,16
10297,1
10298,1
10299,1
10300,1
10301,1
10302,1
10303,1
10304,1
10305,1
10306,1
10307,1
10308,1
10309,1
10310,1
10311,1
10312,1
10313,1
10314,1
10315,1
10316,1
10317,1
10318,1
10319,1
10320,1
10321,1
10322,1
10323,1
10324,1
10325,1
10326,1
10327,1
10328,1
10329,1
10330,1
10331,1
10332,1
10333,1
10334,1
10335,1
10336,1
10337,1
10338,1
10339,1
10340,1
10341,1
10342,1
10343,1
10344,1
10345,1
10346,1
10347,1
10348,1
10349,1
10350,1
10351,1
10352,1
10353,1
10354,1
10355,1
10356,1
10357,1
10358,1
10359,1
10360,1
10361,1
10362,1
10363,1
10364,1
10365,1
10366,1
10367,1
10368,1
10369,1
10370,1
10371,1
10372,1
10373,1
10374,1
10375,1
10376,1
10377,1
10378,1
10379,1
10380,1
10381,1
10382,1
10383,1
10384,1
10385,1
10386,1
10387,1
10388,1
10389,1
10390,1
10391,1
10392,1
10393,1
10394,1
10395,1
10396,1
10397,1
10398,1
10399,1
10400,1
10401,1
10402,1
10403,1
10404,1
10405,1
10406,1
10407,1
10408,1
10409,1
10410,1
10411,1
10412,1
10413,1
10414,1
10415,1
10416,1
10417,1
10418,1
10419,1
10420,1
10421,1
10422,1
10423,1
10424,1
10425,1
10426,1
10427,1
10428,1
10429,1
10430,1
10431,1
10432,1
10433,1
10434,1
10435,1
10436,1
10437,1
10438,1
10439,1
10440,1
10441,1
10442,1
10443,1
10444,1
10445,1
10446,1
10447,1
10448,1
10449,1
10450,1
10451,1
10452,1
10453,1
10454,1
10455,1
10456,1
10457,1
10458,1
10459,1
10460,1
10461,1
10462,1
10463,1
10464,1
10465,1
10466,1
10467,1
10468,1
10469,1
10470,1
10471,1
10472,1
10473,1
10474,1
10475,1
10476,1
10477,1
10478,1
10479,1
10480,1
10481,1
10482,1
10483,1
10484,1
10485,1
10486,1
10487,1
10488,1
10489,1
10490,1
10491,1
10492,1
10493,1
10494,1
10495,1
10496,1
10497,1
10498,1
10499,1
10500,1
10501,1
10502,1
10503,1
10504,1
10505,1
10506,1
10507,1
10508,1
10509,1
10510,1
10511,1
10512,1
10513,1
10514,1
10515,1
10516,11
10517,11
10518,11
10519,11
10520,11
10521,11
10522,11
10523,11
10524,11
10525,11
10526,11
10527,11
10528,11
10529,11
10530,11
10531,11
10532,11
10533,11
10534,11
10535,11
10536,11
10537,11
10538,11
10539,11
10540,11
10541,11
10542,11
10543,11
10544,11
10545,11
10546,11
10547,11
10548,11
10549,11
10550,11
10551,11
10552,11
10553,11
10554,11
10555,11
10556,11
10557,11
10558,11
10559,11
10560,11
10561,11
10562,11
10563,11
10564,11
10565,11
10566,11
10567,11
10568,11
10569,11
10570,11
10571,11
10572,11
10573,11
10574,11
10575,11
10576,11
10577,11
10578,11
10579,11
10580,11
10581,11
10582,11
10583,11
10584,11
10585,11
10586,11
10587,11
10588,11
10589,11
10590,11
10591,11
10592,11
10593,11
10594,11
10595,11
10596,11
10597,11
10598,11
10599,11
10600,11
10601,11
10602,11
10603,11
10604,11
10605,11
10606,11
10607,11
10608,11
10609,11
10610,11
10611,11
10612,11
10613,11
10614,11
10615,11
10616,11
10617,11
10618,11
10619,11
10620,11
10621,11
10622,11
10623,11
10624,11
10625,11
10626,11
10627,11
10628,11
10629,11
10630,11
10631,11
10632,11
10633,11
10634,11
10635,11
10636,11
10637,11
10638,11
10639,11
10640,11
10641,11
10642,11
10643,11
10644,11
10645,11
10646,11
10647,11
10648,11
10649,11
10650,11
10651,11
10652,11
10653,11
10654,11
10655,11
10656,11
10657,11
10658,11
10659,11
10660,11
10661,11
10662,11
10663,11
10664,11
10665,11
10666,11
10667,11
10668,11
10669,11
10670,30
10671,30
10672,30
10673,30
10674,30
10675,30
10676,30
10677,30
10678,30
10679,30
10680,30
10681,30
10682,30
10683,30
10684,30
10685,30
10686,30
10687,30
10688,30
10689,30
10690,30
10691,30
10692,30
10693,30
10694,30
10695,30
10696,30
10697,30
10698,30
10699,30
10700,30
10701,30
10702,30
10703,30
10704,30
10705,30
10706,30
10707,30
10708,30
10709,30
10710,30
10711,30
10712,30
10713,30
10714,30
10715,30
10716,30
10717,30
10718,30
10719,30
10720,30
10721,30
10722,30
10723,30
10724,30
10725,30
10726,30
10727,30
10728,30
10729,30
10730,30
10731,30
10732,30
10733,30
10734,30
10735,30
10736,30
10737,30
10738,30
10739,30
10740,30
10741,30
10742,30
10743,30
10744,30
10745,30
10746,30
10747,30
10748,30
10749,30
10750,30
10751,30
10752,30
10753,30
10754,30
10755,30
10756,30
10757,30
10758,30
10759,30
10760,30
10761,30
10762,30
10763,30
10764,30
10765,30
10766,30
10767,30
10768,30
10769,30
10770,30
10771,30
10772,30
10773,30
10774,30
10775,30
10776,30
10777,30
10778,30
10779,30
10780,30
10781,30
10782,30
10783,30
10784,30
10785,30
10786,30
10787,30
10788,30
10789,30
10790,30
10791,30
10792,30
10793,30
10794,30
10795,30
10796,30
10797,30
10798,30
10799,30
10800,30
10801,30
10802,30
10803,30
10804,30
10805,30
10806,30
10807,30
10808,30
10809,30
10810,30
10811,30
10812,30
10813,30
10814,30
10815,30
10816,30
10817,30
10818,30
10819,30
10820,30
10821,30
10822,30
10823,30
10824,30
10825,30
10826,30
10827,30
10828,30
10829,30
10830,30
10831,30
10832,30
10833,30
10834,30
10835,30
10836,30
10837,30
10838,30
10839,30
10840,30
10841,30
10842,30
10843,30
10844,30
10845,30
10846,30
10847,30
10848,30
10849,30
10850,30
10851,30
10852,30
10853,30
10854,30
10855,30
10856,30
10857,30
10858,30
10859,30
10860,30
10861,30
10862,30
10863,30
10864,30
10865,30
10866,30
10867,30
10868,30
10869,30
10870,30
10871,30
10872,30
10873,30
10874,30
10875,30
10876,30
10877,30
10878,30
10879,30
10880,30
10881,30
10882,30
10883,30
10884,30
10885,30
10886,30
10887,30
10888,30
10889,30
10890,30
10891,30
10892,30
10893,30
10894,30
10895,30
10896,30
10897,30
10898,30
10899,30
10900,30
10901,30
10902,30
10903,30
10904,30
10905,30
10906,30
10907,30
10908,30
10909,30
10910,30
10911,30
10912,30
10913,30
10914,30
10915,30
10916,30
10917,30
10918,30
10919,30
10920,30
10921,30
10922,30
10923,30
10924,30
10925,30
10926,30
10927,30
10928,30
10929,30
10930,30
10931,30
10932,30
10933,30
10934,30
10935,30
10936,30
10937,30
10938,30
10939,30
10940,30
10941,30
10942,30
10943,30
10944,30
10945,30
10946,30
10947,30
10948,30
10949,30
10950,30
10951,30
10952,30
10953,30
10954,30
10955,30
10956,30
10957,30
10958,30
10959,30
10960,30
10961,30
10962,30
10963,30
10964,30
10965,30
10966,30
10967,30
10968,30
10969,30
10970,30
10971,30
10972,30
10973,30
10974,30
10975,30
10976,30
10977,30
10978,33
10979,33
10980,33
10981,33
10982,33
10983,33
10984,33
10985,33
10986,33
10987,33
10988,33
10989,33
10990,33
10991,33
10992,33
10993,33
10994,33
10995,33
10996,33
10997,33
10998,33
10999,33
11000,33
11001,33
11002,33
11003,33
11004,33
11005,33
11006,33
11007,33
11008,33
11009,33
11010,33
11011,33
11012,33
11013,33
11014,33
11015,33
11016,33
11017,33
11018,33
11019,33
11020,33
11021,33
11022,33
11023,33
11024,33
11025,33
11026,33
11027,33
11028,33
11029,33
11030,33
11031,33
11032,33
11033,33
11034,33
11035,33
11036,33
11037,33
11038,33
11039,33
11040,33
11041,33
11042,33
11043,33
11044,33
11045,33
11046,33
11047,33
11048,33
11049,33
11050,33
11051,33
11052,33
11053,33
11054,33
11055,33
11056,33
11057,33
11058,33
11059,33
11060,33
11061,33
11062,33
11063,33
11064,33
11065,33
11066,33
11067,33
11068,33
11069,33
11070,33
11071,33
11072,33
11073,33
11074,33
11075,33
11076,33
11077,33
11078,33
11079,33
11080,33
11081,33
11082,33
11083,33
11084,33
11085,33
11086,33
11087,33
11088,33
11089,33
11090,33
11091,33
11092,33
11093,33
11094,33
11095,33
11096,33
11097,33
11098,33
11099,33
11100,33
11101,33
11102,33
11103,33
11104,33
11105,33
11106,33
11107,33
11108,33
11109,33
11110,33
11111,33
11112,33
11113,33
11114,33
11115,33
11116,33
11117,33
11118,33
11119,33
11120,33
11121,33
11122,33
11123,33
11124,33
11125,33
11126,33
11127,33
11128,33
11129,33
11130,33
11131,33
11132,33
11133,33
11134,33
11135,33
11136,33
11137,33
11138,33
11139,33
11140,33
11141,33
11142,33
11143,33
11144,33
11145,33
11146,33
11147,33
11148,33
11149,33
11150,33
11151,33
11152,33
11153,33
11154,33
11155,33
11156,33
11157,33
11158,33
11159,33
11160,33
11161,33
11162,33
11163,33
11164,33
11165,33
11166,33
11167,33
11168,33
11169,33
11170,33
11171,33
11172,33
11173,33
11174,33
11175,33
11176,33
11177,33
11178,33
11179,33
11180,33
11181,33
11182,33
11183,33
11184,33
11185,33
11186,33
11187,33
11188,33
11189,33
11190,33
11191,33
11192,33
11193,33
11194,33
11195,33
11196,33
11197,33
11198,33
11199,33
11200,33
11201,33
11202,33
11203,33
11204,33
11205,33
11206,33
11207,33
11208,33
11209,33
11210,33
11211,33
11212,33
11213,33
11214,33
11215,33
11216,33
11217,33
11218,33
11219,33
11220,33
11221,33
11222,33
11223,33
11224,33
11225,33
11226,33
11227,33
11228,33
11229,33
11230,33
11231,33
11232,33
11233,33
11234,33
11235,33
11236,33
11237,33
11238,33
11239,33
11240,33
11241,33
11242,33
11243,33
11244,33
11245,33
11246,2
11247,2
11248,2
11249,2
11250,2
11251,2
11252,2
11253,2
11254,2
11255,2
11256,2
11257,2
11258,2
11259,2
11260,2
11261,2
11262,2
11263,2
11264,2
11265,2
11266,2
11267,2
11268,2
11269,2
11270,2
11271,5
11272,5
11273,5
11274,5
11275,5
11276,5
11277,5
11278,5
11279,5
11280,5
11281,5
11282,5
11283,5
11284,5
11285,5
11286,5
11287,5
11288,5
11289,5
11290,5
11291,5
11292,5
11293,5
11294,5
11295,5
11296,5
11297,5
11298,5
11299,5
11300,5
11301,5
11302,5
11303,5
11304,5
11305,5
11306,5
11307,5
11308,5
11309,5
11310,5
11311,5
11312,5
11313,5
11314,5
11315,5
11316,5
11317,5
11318,5
11319,5
11320,5
11321,5
11322,5
11323,5
11324,5
11325,5
11326,5
11327,5
11328,5
11329,5
11330,5
11331,5
11332,5
11333,5
11334,5
11335,5
11336,5
11337,5
11338,5
11339,5
11340,5
11341,5
11342,5
11343,5
11344,5
11345,5
11346,5
11347,5
11348,5
11349,5
11350,5
11351,5
11352,5
11353,5
11354,5
11355,5
11356,5
11357,5
11358,5
11359,5
11360,5
11361,5
11362,5
11363,5
11364,5
11365,5
11366,5
11367,5
11368,5
11369,5
11370,5
11371,5
11372,5
11373,5
11374,5
11375,5
11376,5
11377,5
11378,5
11379,5
11380,5
11381,5
11382,5
11383,5
11384,5
11385,5
11386,5
11387,5
11388,5
11389,5
11390,5
11391,5
11392,5
11393,5
11394,5
11395,5
11396,5
11397,5
11398,5
11399,5
11400,5
11401,5
11402,5
11403,5
11404,5
11405,5
11406,5
11407,5
11408,5
11409,5
11410,5
11411,5
11412,5
11413,5
11414,5
11415,5
11416,5
11417,5
11418,5
11419,5
11420,5
11421,5
11422,5
11423,5
11424,5
11425,5
11426,5
11427,5
11428,5
11429,5
11430,5
11431,5
11432,5
11433,5
11434,5
11435,5
11436,5
11437,5
11438,5
11439,5
11440,5
11441,5
11442,5
11443,5
11444,5
11445,5
11446,5
11447,5
11448,5
11449,5
11450,5
11451,5
11452,5
11453,5
11454,5
11455,5
11456,5
11457,5
11458,5
11459,5
11460,5
11461,5
11462,5
11463,5
11464,5
11465,5
11466,5
11467,5
11468,5
11469,5
11470,5
11471,5
11472,5
11473,5
11474,5
11475,5
11476,5
11477,5
11478,5
11479,5
11480,5
11481,5
11482,5
11483,5
11484,5
11485,5
11486,5
11487,5
11488,5
11489,5
11490,5
11491,5
11492,5
11493,5
11494,5
11495,5
11496,5
11497,5
11498,5
11499,5
11500,5
11501,5
11502,5
11503,5
11504,5
11505,5
11506,5
11507,5
11508,5
11509,5
11510,5
11511,5
11512,5
11513,5
11514,5
11515,5
11516,5
11517,5
11518,5
11519,5
11520,5
11521,5
11522,5
11523,5
11524,5
11525,5
11526,5
11527,5
11528,5
11529,5
11530,5
11531,5
11532,5
11533,5
11534,5
11535,5
11536,5
11537,5
11538,5
11539,5
11540,5
11541,5
11542,5
11543,5
11544,5
11545,5
11546,5
11547,5
11548,5
11549,5
11550,5
11551,5
11552,5
11553,5
11554,5
11555,5
11556,8
11557,8
11558,8
11559,8
11560,8
11561,8
11562,8
11563,8
11564,8
11565,8
11566,8
11567,8
11568,8
11569,8
11570,8
11571,8
11572,8
11573,8
11574,8
11575,8
11576,8
11577,8
11578,8
11579,8
11580,8
11581,8
11582,8
11583,8
11584,8
11585,8
11586,8
11587,8
11588,8
11589,8
11590,8
11591,8
11592,8
11593,8
11594,8
11595,8
11596,9
11597,9
11598,9
11599,9
11600,9
11601,9
11602,9
11603,9
11604,9
11605,9
11606,9
11607,9
11608,9
11609,9
11610,9
11611,9
11612,9
11613,9
11614,9
11615,9
11616,9
11617,9
11618,9
11619,9
11620,9
11621,9
11622,9
11623,9
11624,9
11625,9
11626,9
11627,9
11628,9
11629,9
11630,9
11631,9
11632,9
11633,9
11634,9
11635,9
11636,9
11637,9
11638,9
11639,9
11640,9
11641,9
11642,9
11643,9
11644,9
11645,9
11646,9
11647,9
11648,9
11649,9
11650,9
11651,9
11652,9
11653,9
11654,9
11655,9
11656,9
11657,9
11658,9
11659,9
11660,9
11661,9
11662,9
11663,9
11664,9
11665,9
11666,9
11667,9
11668,9
11669,9
11670,9
11671,9
11672,9
11673,9
11674,9
11675,9
11676,9
11677,9
11678,9
11679,9
11680,9
11681,9
11682,9
11683,9
11684,9
11685,9
11686,9
11687,9
11688,9
11689,9
11690,9
11691,9
11692,9
11693,9
11694,9
11695,9
11696,9
11697,9
11698,9
11699,9
11700,9
11701,9
11702,9
11703,9
11704,9
11705,9
11706,9
11707,9
11708,9
11709,9
11710,9
11711,9
11712,9
11713,9
11714,9
11715,9
11716,9
11717,9
11718,9
11719,9
11720,9
11721,9
11722,9
11723,9
11724,9
11725,9
11726,9
11727,9
11728,9
11729,9
11730,9
11731,9
11732,9
11733,9
11734,9
11735,9
11736,9
11737,21
11738,21
11739,21
11740,21
11741,21
11742,21
11743,21
11744,21
11745,21
11746,21
11747,21
11748,21
11749,21
11750,21
11751,21
11752,21
11753,21
11754,21
11755,21
11756,21
11757,21
11758,21
11759,21
11760,21
11761,21
11762,21
11763,21
11764,21
11765,21
11766,21
11767,21
11768,21
11769,21
11770,21
11771,21
11772,21
11773,21
11774,21
11775,21
11776,21
11777,21
11778,21
11779,21
11780,21
11781,21
11782,21
11783,21
11784,21
11785,21
11786,21
11787,21
11788,21
11789,21
11790,21
11791,21
11792,21
11793,21
11794,21
11795,21
11796,21
11797,21
11798,21
11799,21
11800,21
11801,21
11802,21
11803,21
11804,21
11805,21
11806,21
11807,21
11808,21
11809,21
11810,21
11811,21
11812,21
11813,21
11814,21
11815,21
11816,21
11817,21
11818,21
11819,21
11820,21
11821,21
11822,21
11823,21
11824,21
11825,21
11826,21
11827,21
11828,21
11829,21
11830,21
11831,21
11832,21
11833,21
11834,21
11835,22
11836,22
11837,22
11838,22
11839,22
11840,22
11841,22
11842,22
11843,22
11844,22
11845,22
11846,22
11847,22
11848,22
11849,22
11850,22
11851,22
11852,22
11853,22
11854,22
11855,22
11856,22
11857,22
11858,22
11859,22
11860,22
11861,22
11862,22
11863,22
11864,22
11865,22
11866,22
11867,22
11868,22
11869,22
11870,22
11871,22
11872,22
11873,22
11874,22
11875,22
11876,22
11877,22
11878,22
11879,22
11880,22
11881,22
11882,27
11883,27
11884,27
11885,27
11886,27
11887,27
11888,27
11889,27
11890,27
11891,27
11892,27
11893,27
11894,27
11895,27
11896,27
11897,27
11898,27
11899,27
11900,27
11901,27
11902,27
11903,27
11904,27
11905,27
11906,27
11907,27
11908,27
11909,27
11910,27
11911,27
11912,27
11913,27
11914,27
11915,27
11916,27
11917,27
11918,27
11919,27
11920,27
11921,27
11922,27
11923,27
11924,27
11925,27
11926,27
11927,27
11928,27
11929,27
11930,27
11931,27
11932,27
11933,27
11934,27
11935,27
11936,27
11937,27
11938,27
11939,27
11940,27
11941,27
11942,27
11943,27
11944,27
11945,27
11946,27
11947,27
11948,27
11949,27
11950,27
11951,27
11952,27
11953,27
11954,27
11955,27
11956,27
11957,27
11958,27
11959,27
11960,27
11961,27
11962,27
11963,27
11964,27
11965,27
11966,27
11967,27
11968,27
11969,27
11970,27
11971,27
11972,27
11973,27
11974,27
11975,27
11976,27
11977,27
11978,27
11979,27
11980,27
11981,27
11982,27
11983,27
11984,27
11985,27
11986,27
11987,27
11988,27
11989,27
11990,27
11991,34
11992,34
11993,34
11994,34
11995,34
11996,34
11997,34
11998,34
11999,34
12000,34
12001,34
12002,34
12003,34
12004,34
12005,34
12006,34
12007,34
12008,34
12009,34
12010,34
12011,34
12012,34
12013,34
12014,34
12015,34
12016,34
12017,34
12018,34
12019,34
12020,34
12021,34
12022,34
12023,34
12024,34
12025,34
